Workbook

Sheet ⚔ Armes
A1: ⚔ FORGERON DE SOLITUDE — Catalogue des Armes
A2: Catégorie | B2: Arme | C2: M.O. | D2: Fer | E2: Acier | F2: Orichalque | G2: Vif-argent | H2: Métal dwemer | I2: Pierre de lune | J2: Corindon | K2: Petit bois | L2: Cuir | M2: Bande cuir | N2: Or | O2: Malachite | P2: Ébonite | Q2: Coût mat. | R2: ⚡ TOTAL
A3: FER
A4: Fer | B4: Arc | C4: 5 | K4: 8 | L4: 1 | M4: 2 | Q4: =IF(D4="",0,D4*'💰 Prix matériaux'!$B$3)+IF(E4="",0,E4*'💰 Prix matériaux'!$B$4)+IF(F4="",0,F4*'💰 Prix matériaux'!$B$5)+IF(G4="",0,G4*'💰 Prix matériaux'!$B$6)+IF(H4="",0,H4*'💰 Prix matériaux'!$B$7)+IF(I4="",0,I4*'💰 Prix matériaux'!$B$8)+IF(J4="",0,J4*'💰 Prix matériaux'!$B$9)+IF(K4="",0,K4*'💰 Prix matériaux'!$B$10)+IF(L4="",0,L4*'💰 Prix matériaux'!$B$11)+IF(M4="",0,M4*'💰 Prix matériaux'!$B$12)+IF(N4="",0,N4*'💰 Prix matériaux'!$B$13)+IF(O4="",0,O4*'💰 Prix matériaux'!$B$15)+IF(P4="",0,P4*'💰 Prix matériaux'!$B$16) -> 14 | R4: =C4+Q4 -> 19
A5: Fer | B5: Dague | C5: 5 | D5: 1 | M5: 1 | Q5: =IF(D5="",0,D5*'💰 Prix matériaux'!$B$3)+IF(E5="",0,E5*'💰 Prix matériaux'!$B$4)+IF(F5="",0,F5*'💰 Prix matériaux'!$B$5)+IF(G5="",0,G5*'💰 Prix matériaux'!$B$6)+IF(H5="",0,H5*'💰 Prix matériaux'!$B$7)+IF(I5="",0,I5*'💰 Prix matériaux'!$B$8)+IF(J5="",0,J5*'💰 Prix matériaux'!$B$9)+IF(K5="",0,K5*'💰 Prix matériaux'!$B$10)+IF(L5="",0,L5*'💰 Prix matériaux'!$B$11)+IF(M5="",0,M5*'💰 Prix matériaux'!$B$12)+IF(N5="",0,N5*'💰 Prix matériaux'!$B$13)+IF(O5="",0,O5*'💰 Prix matériaux'!$B$15)+IF(P5="",0,P5*'💰 Prix matériaux'!$B$16) -> 5 | R5: =C5+Q5 -> 10
A6: Fer | B6: Espadon | C6: 5 | D6: 4 | M6: 2 | Q6: =IF(D6="",0,D6*'💰 Prix matériaux'!$B$3)+IF(E6="",0,E6*'💰 Prix matériaux'!$B$4)+IF(F6="",0,F6*'💰 Prix matériaux'!$B$5)+IF(G6="",0,G6*'💰 Prix matériaux'!$B$6)+IF(H6="",0,H6*'💰 Prix matériaux'!$B$7)+IF(I6="",0,I6*'💰 Prix matériaux'!$B$8)+IF(J6="",0,J6*'💰 Prix matériaux'!$B$9)+IF(K6="",0,K6*'💰 Prix matériaux'!$B$10)+IF(L6="",0,L6*'💰 Prix matériaux'!$B$11)+IF(M6="",0,M6*'💰 Prix matériaux'!$B$12)+IF(N6="",0,N6*'💰 Prix matériaux'!$B$13)+IF(O6="",0,O6*'💰 Prix matériaux'!$B$15)+IF(P6="",0,P6*'💰 Prix matériaux'!$B$16) -> 18 | R6: =C6+Q6 -> 23
A7: Fer | B7: Flèche | C7: 5 | D7: 1 | K7: 1 | Q7: =IF(D7="",0,D7*'💰 Prix matériaux'!$B$3)+IF(E7="",0,E7*'💰 Prix matériaux'!$B$4)+IF(F7="",0,F7*'💰 Prix matériaux'!$B$5)+IF(G7="",0,G7*'💰 Prix matériaux'!$B$6)+IF(H7="",0,H7*'💰 Prix matériaux'!$B$7)+IF(I7="",0,I7*'💰 Prix matériaux'!$B$8)+IF(J7="",0,J7*'💰 Prix matériaux'!$B$9)+IF(K7="",0,K7*'💰 Prix matériaux'!$B$10)+IF(L7="",0,L7*'💰 Prix matériaux'!$B$11)+IF(M7="",0,M7*'💰 Prix matériaux'!$B$12)+IF(N7="",0,N7*'💰 Prix matériaux'!$B$13)+IF(O7="",0,O7*'💰 Prix matériaux'!$B$15)+IF(P7="",0,P7*'💰 Prix matériaux'!$B$16) -> 5 | R7: =C7+Q7 -> 10
A8: Fer | B8: Hache d'arme | C8: 5 | D8: 4 | M8: 2 | Q8: =IF(D8="",0,D8*'💰 Prix matériaux'!$B$3)+IF(E8="",0,E8*'💰 Prix matériaux'!$B$4)+IF(F8="",0,F8*'💰 Prix matériaux'!$B$5)+IF(G8="",0,G8*'💰 Prix matériaux'!$B$6)+IF(H8="",0,H8*'💰 Prix matériaux'!$B$7)+IF(I8="",0,I8*'💰 Prix matériaux'!$B$8)+IF(J8="",0,J8*'💰 Prix matériaux'!$B$9)+IF(K8="",0,K8*'💰 Prix matériaux'!$B$10)+IF(L8="",0,L8*'💰 Prix matériaux'!$B$11)+IF(M8="",0,M8*'💰 Prix matériaux'!$B$12)+IF(N8="",0,N8*'💰 Prix matériaux'!$B$13)+IF(O8="",0,O8*'💰 Prix matériaux'!$B$15)+IF(P8="",0,P8*'💰 Prix matériaux'!$B$16) -> 18 | R8: =C8+Q8 -> 23
A9: Fer | B9: Hache | C9: 5 | D9: 2 | M9: 2 | Q9: =IF(D9="",0,D9*'💰 Prix matériaux'!$B$3)+IF(E9="",0,E9*'💰 Prix matériaux'!$B$4)+IF(F9="",0,F9*'💰 Prix matériaux'!$B$5)+IF(G9="",0,G9*'💰 Prix matériaux'!$B$6)+IF(H9="",0,H9*'💰 Prix matériaux'!$B$7)+IF(I9="",0,I9*'💰 Prix matériaux'!$B$8)+IF(J9="",0,J9*'💰 Prix matériaux'!$B$9)+IF(K9="",0,K9*'💰 Prix matériaux'!$B$10)+IF(L9="",0,L9*'💰 Prix matériaux'!$B$11)+IF(M9="",0,M9*'💰 Prix matériaux'!$B$12)+IF(N9="",0,N9*'💰 Prix matériaux'!$B$13)+IF(O9="",0,O9*'💰 Prix matériaux'!$B$15)+IF(P9="",0,P9*'💰 Prix matériaux'!$B$16) -> 10 | R9: =C9+Q9 -> 15
A10: Fer | B10: Marteau de guerre | C10: 5 | D10: 4 | M10: 3 | Q10: =IF(D10="",0,D10*'💰 Prix matériaux'!$B$3)+IF(E10="",0,E10*'💰 Prix matériaux'!$B$4)+IF(F10="",0,F10*'💰 Prix matériaux'!$B$5)+IF(G10="",0,G10*'💰 Prix matériaux'!$B$6)+IF(H10="",0,H10*'💰 Prix matériaux'!$B$7)+IF(I10="",0,I10*'💰 Prix matériaux'!$B$8)+IF(J10="",0,J10*'💰 Prix matériaux'!$B$9)+IF(K10="",0,K10*'💰 Prix matériaux'!$B$10)+IF(L10="",0,L10*'💰 Prix matériaux'!$B$11)+IF(M10="",0,M10*'💰 Prix matériaux'!$B$12)+IF(N10="",0,N10*'💰 Prix matériaux'!$B$13)+IF(O10="",0,O10*'💰 Prix matériaux'!$B$15)+IF(P10="",0,P10*'💰 Prix matériaux'!$B$16) -> 19 | R10: =C10+Q10 -> 24
A11: Fer | B11: Masse | C11: 5 | D11: 3 | M11: 2 | Q11: =IF(D11="",0,D11*'💰 Prix matériaux'!$B$3)+IF(E11="",0,E11*'💰 Prix matériaux'!$B$4)+IF(F11="",0,F11*'💰 Prix matériaux'!$B$5)+IF(G11="",0,G11*'💰 Prix matériaux'!$B$6)+IF(H11="",0,H11*'💰 Prix matériaux'!$B$7)+IF(I11="",0,I11*'💰 Prix matériaux'!$B$8)+IF(J11="",0,J11*'💰 Prix matériaux'!$B$9)+IF(K11="",0,K11*'💰 Prix matériaux'!$B$10)+IF(L11="",0,L11*'💰 Prix matériaux'!$B$11)+IF(M11="",0,M11*'💰 Prix matériaux'!$B$12)+IF(N11="",0,N11*'💰 Prix matériaux'!$B$13)+IF(O11="",0,O11*'💰 Prix matériaux'!$B$15)+IF(P11="",0,P11*'💰 Prix matériaux'!$B$16) -> 14 | R11: =C11+Q11 -> 19
A12: Fer | B12: Épée | C12: 5 | D12: 2 | M12: 1 | Q12: =IF(D12="",0,D12*'💰 Prix matériaux'!$B$3)+IF(E12="",0,E12*'💰 Prix matériaux'!$B$4)+IF(F12="",0,F12*'💰 Prix matériaux'!$B$5)+IF(G12="",0,G12*'💰 Prix matériaux'!$B$6)+IF(H12="",0,H12*'💰 Prix matériaux'!$B$7)+IF(I12="",0,I12*'💰 Prix matériaux'!$B$8)+IF(J12="",0,J12*'💰 Prix matériaux'!$B$9)+IF(K12="",0,K12*'💰 Prix matériaux'!$B$10)+IF(L12="",0,L12*'💰 Prix matériaux'!$B$11)+IF(M12="",0,M12*'💰 Prix matériaux'!$B$12)+IF(N12="",0,N12*'💰 Prix matériaux'!$B$13)+IF(O12="",0,O12*'💰 Prix matériaux'!$B$15)+IF(P12="",0,P12*'💰 Prix matériaux'!$B$16) -> 9 | R12: =C12+Q12 -> 14
A13: ACIER
A14: Acier | B14: Arc | C14: 10 | E14: 2 | K14: 8 | L14: 1 | M14: 2 | Q14: =IF(D14="",0,D14*'💰 Prix matériaux'!$B$3)+IF(E14="",0,E14*'💰 Prix matériaux'!$B$4)+IF(F14="",0,F14*'💰 Prix matériaux'!$B$5)+IF(G14="",0,G14*'💰 Prix matériaux'!$B$6)+IF(H14="",0,H14*'💰 Prix matériaux'!$B$7)+IF(I14="",0,I14*'💰 Prix matériaux'!$B$8)+IF(J14="",0,J14*'💰 Prix matériaux'!$B$9)+IF(K14="",0,K14*'💰 Prix matériaux'!$B$10)+IF(L14="",0,L14*'💰 Prix matériaux'!$B$11)+IF(M14="",0,M14*'💰 Prix matériaux'!$B$12)+IF(N14="",0,N14*'💰 Prix matériaux'!$B$13)+IF(O14="",0,O14*'💰 Prix matériaux'!$B$15)+IF(P14="",0,P14*'💰 Prix matériaux'!$B$16) -> 28 | R14: =C14+Q14 -> 38
A15: Acier | B15: Dague | C15: 10 | D15: 1 | E15: 1 | M15: 1 | Q15: =IF(D15="",0,D15*'💰 Prix matériaux'!$B$3)+IF(E15="",0,E15*'💰 Prix matériaux'!$B$4)+IF(F15="",0,F15*'💰 Prix matériaux'!$B$5)+IF(G15="",0,G15*'💰 Prix matériaux'!$B$6)+IF(H15="",0,H15*'💰 Prix matériaux'!$B$7)+IF(I15="",0,I15*'💰 Prix matériaux'!$B$8)+IF(J15="",0,J15*'💰 Prix matériaux'!$B$9)+IF(K15="",0,K15*'💰 Prix matériaux'!$B$10)+IF(L15="",0,L15*'💰 Prix matériaux'!$B$11)+IF(M15="",0,M15*'💰 Prix matériaux'!$B$12)+IF(N15="",0,N15*'💰 Prix matériaux'!$B$13)+IF(O15="",0,O15*'💰 Prix matériaux'!$B$15)+IF(P15="",0,P15*'💰 Prix matériaux'!$B$16) -> 12 | R15: =C15+Q15 -> 22
A16: Acier | B16: Espadon | C16: 10 | D16: 2 | E16: 4 | M16: 3 | Q16: =IF(D16="",0,D16*'💰 Prix matériaux'!$B$3)+IF(E16="",0,E16*'💰 Prix matériaux'!$B$4)+IF(F16="",0,F16*'💰 Prix matériaux'!$B$5)+IF(G16="",0,G16*'💰 Prix matériaux'!$B$6)+IF(H16="",0,H16*'💰 Prix matériaux'!$B$7)+IF(I16="",0,I16*'💰 Prix matériaux'!$B$8)+IF(J16="",0,J16*'💰 Prix matériaux'!$B$9)+IF(K16="",0,K16*'💰 Prix matériaux'!$B$10)+IF(L16="",0,L16*'💰 Prix matériaux'!$B$11)+IF(M16="",0,M16*'💰 Prix matériaux'!$B$12)+IF(N16="",0,N16*'💰 Prix matériaux'!$B$13)+IF(O16="",0,O16*'💰 Prix matériaux'!$B$15)+IF(P16="",0,P16*'💰 Prix matériaux'!$B$16) -> 39 | R16: =C16+Q16 -> 49
A17: Acier | B17: Flèche | C17: 10 | E17: 1 | K17: 1 | Q17: =IF(D17="",0,D17*'💰 Prix matériaux'!$B$3)+IF(E17="",0,E17*'💰 Prix matériaux'!$B$4)+IF(F17="",0,F17*'💰 Prix matériaux'!$B$5)+IF(G17="",0,G17*'💰 Prix matériaux'!$B$6)+IF(H17="",0,H17*'💰 Prix matériaux'!$B$7)+IF(I17="",0,I17*'💰 Prix matériaux'!$B$8)+IF(J17="",0,J17*'💰 Prix matériaux'!$B$9)+IF(K17="",0,K17*'💰 Prix matériaux'!$B$10)+IF(L17="",0,L17*'💰 Prix matériaux'!$B$11)+IF(M17="",0,M17*'💰 Prix matériaux'!$B$12)+IF(N17="",0,N17*'💰 Prix matériaux'!$B$13)+IF(O17="",0,O17*'💰 Prix matériaux'!$B$15)+IF(P17="",0,P17*'💰 Prix matériaux'!$B$16) -> 8 | R17: =C17+Q17 -> 18
A18: Acier | B18: Hache | C18: 10 | D18: 1 | E18: 2 | M18: 2 | Q18: =IF(D18="",0,D18*'💰 Prix matériaux'!$B$3)+IF(E18="",0,E18*'💰 Prix matériaux'!$B$4)+IF(F18="",0,F18*'💰 Prix matériaux'!$B$5)+IF(G18="",0,G18*'💰 Prix matériaux'!$B$6)+IF(H18="",0,H18*'💰 Prix matériaux'!$B$7)+IF(I18="",0,I18*'💰 Prix matériaux'!$B$8)+IF(J18="",0,J18*'💰 Prix matériaux'!$B$9)+IF(K18="",0,K18*'💰 Prix matériaux'!$B$10)+IF(L18="",0,L18*'💰 Prix matériaux'!$B$11)+IF(M18="",0,M18*'💰 Prix matériaux'!$B$12)+IF(N18="",0,N18*'💰 Prix matériaux'!$B$13)+IF(O18="",0,O18*'💰 Prix matériaux'!$B$15)+IF(P18="",0,P18*'💰 Prix matériaux'!$B$16) -> 20 | R18: =C18+Q18 -> 30
A19: Acier | B19: Hache d'arme | C19: 15 | D19: 1 | E19: 4 | M19: 2 | Q19: =IF(D19="",0,D19*'💰 Prix matériaux'!$B$3)+IF(E19="",0,E19*'💰 Prix matériaux'!$B$4)+IF(F19="",0,F19*'💰 Prix matériaux'!$B$5)+IF(G19="",0,G19*'💰 Prix matériaux'!$B$6)+IF(H19="",0,H19*'💰 Prix matériaux'!$B$7)+IF(I19="",0,I19*'💰 Prix matériaux'!$B$8)+IF(J19="",0,J19*'💰 Prix matériaux'!$B$9)+IF(K19="",0,K19*'💰 Prix matériaux'!$B$10)+IF(L19="",0,L19*'💰 Prix matériaux'!$B$11)+IF(M19="",0,M19*'💰 Prix matériaux'!$B$12)+IF(N19="",0,N19*'💰 Prix matériaux'!$B$13)+IF(O19="",0,O19*'💰 Prix matériaux'!$B$15)+IF(P19="",0,P19*'💰 Prix matériaux'!$B$16) -> 34 | R19: =C19+Q19 -> 49
A20: Acier | B20: Marteau de guerre | C20: 10 | D20: 1 | E20: 4 | M20: 3 | Q20: =IF(D20="",0,D20*'💰 Prix matériaux'!$B$3)+IF(E20="",0,E20*'💰 Prix matériaux'!$B$4)+IF(F20="",0,F20*'💰 Prix matériaux'!$B$5)+IF(G20="",0,G20*'💰 Prix matériaux'!$B$6)+IF(H20="",0,H20*'💰 Prix matériaux'!$B$7)+IF(I20="",0,I20*'💰 Prix matériaux'!$B$8)+IF(J20="",0,J20*'💰 Prix matériaux'!$B$9)+IF(K20="",0,K20*'💰 Prix matériaux'!$B$10)+IF(L20="",0,L20*'💰 Prix matériaux'!$B$11)+IF(M20="",0,M20*'💰 Prix matériaux'!$B$12)+IF(N20="",0,N20*'💰 Prix matériaux'!$B$13)+IF(O20="",0,O20*'💰 Prix matériaux'!$B$15)+IF(P20="",0,P20*'💰 Prix matériaux'!$B$16) -> 35 | R20: =C20+Q20 -> 45
A21: Acier | B21: Masse | C21: 10 | D21: 1 | E21: 3 | M21: 1 | Q21: =IF(D21="",0,D21*'💰 Prix matériaux'!$B$3)+IF(E21="",0,E21*'💰 Prix matériaux'!$B$4)+IF(F21="",0,F21*'💰 Prix matériaux'!$B$5)+IF(G21="",0,G21*'💰 Prix matériaux'!$B$6)+IF(H21="",0,H21*'💰 Prix matériaux'!$B$7)+IF(I21="",0,I21*'💰 Prix matériaux'!$B$8)+IF(J21="",0,J21*'💰 Prix matériaux'!$B$9)+IF(K21="",0,K21*'💰 Prix matériaux'!$B$10)+IF(L21="",0,L21*'💰 Prix matériaux'!$B$11)+IF(M21="",0,M21*'💰 Prix matériaux'!$B$12)+IF(N21="",0,N21*'💰 Prix matériaux'!$B$13)+IF(O21="",0,O21*'💰 Prix matériaux'!$B$15)+IF(P21="",0,P21*'💰 Prix matériaux'!$B$16) -> 26 | R21: =C21+Q21 -> 36
A22: Acier | B22: Épée | C22: 10 | D22: 1 | E22: 2 | M22: 1 | Q22: =IF(D22="",0,D22*'💰 Prix matériaux'!$B$3)+IF(E22="",0,E22*'💰 Prix matériaux'!$B$4)+IF(F22="",0,F22*'💰 Prix matériaux'!$B$5)+IF(G22="",0,G22*'💰 Prix matériaux'!$B$6)+IF(H22="",0,H22*'💰 Prix matériaux'!$B$7)+IF(I22="",0,I22*'💰 Prix matériaux'!$B$8)+IF(J22="",0,J22*'💰 Prix matériaux'!$B$9)+IF(K22="",0,K22*'💰 Prix matériaux'!$B$10)+IF(L22="",0,L22*'💰 Prix matériaux'!$B$11)+IF(M22="",0,M22*'💰 Prix matériaux'!$B$12)+IF(N22="",0,N22*'💰 Prix matériaux'!$B$13)+IF(O22="",0,O22*'💰 Prix matériaux'!$B$15)+IF(P22="",0,P22*'💰 Prix matériaux'!$B$16) -> 19 | R22: =C22+Q22 -> 29
A23: ALTMER
A24: Altmer | B24: Arc | C24: 30 | G24: 1 | I24: 2 | Q24: =IF(D24="",0,D24*'💰 Prix matériaux'!$B$3)+IF(E24="",0,E24*'💰 Prix matériaux'!$B$4)+IF(F24="",0,F24*'💰 Prix matériaux'!$B$5)+IF(G24="",0,G24*'💰 Prix matériaux'!$B$6)+IF(H24="",0,H24*'💰 Prix matériaux'!$B$7)+IF(I24="",0,I24*'💰 Prix matériaux'!$B$8)+IF(J24="",0,J24*'💰 Prix matériaux'!$B$9)+IF(K24="",0,K24*'💰 Prix matériaux'!$B$10)+IF(L24="",0,L24*'💰 Prix matériaux'!$B$11)+IF(M24="",0,M24*'💰 Prix matériaux'!$B$12)+IF(N24="",0,N24*'💰 Prix matériaux'!$B$13)+IF(O24="",0,O24*'💰 Prix matériaux'!$B$15)+IF(P24="",0,P24*'💰 Prix matériaux'!$B$16) -> 74 | R24: =C24+Q24 -> 104
A25: Altmer | B25: Dague | C25: 30 | D25: 1 | G25: 1 | I25: 1 | M25: 1 | Q25: =IF(D25="",0,D25*'💰 Prix matériaux'!$B$3)+IF(E25="",0,E25*'💰 Prix matériaux'!$B$4)+IF(F25="",0,F25*'💰 Prix matériaux'!$B$5)+IF(G25="",0,G25*'💰 Prix matériaux'!$B$6)+IF(H25="",0,H25*'💰 Prix matériaux'!$B$7)+IF(I25="",0,I25*'💰 Prix matériaux'!$B$8)+IF(J25="",0,J25*'💰 Prix matériaux'!$B$9)+IF(K25="",0,K25*'💰 Prix matériaux'!$B$10)+IF(L25="",0,L25*'💰 Prix matériaux'!$B$11)+IF(M25="",0,M25*'💰 Prix matériaux'!$B$12)+IF(N25="",0,N25*'💰 Prix matériaux'!$B$13)+IF(O25="",0,O25*'💰 Prix matériaux'!$B$15)+IF(P25="",0,P25*'💰 Prix matériaux'!$B$16) -> 55 | R25: =C25+Q25 -> 85
A26: Altmer | B26: Espadon | C26: 30 | D26: 2 | G26: 1 | I26: 2 | M26: 3 | Q26: =IF(D26="",0,D26*'💰 Prix matériaux'!$B$3)+IF(E26="",0,E26*'💰 Prix matériaux'!$B$4)+IF(F26="",0,F26*'💰 Prix matériaux'!$B$5)+IF(G26="",0,G26*'💰 Prix matériaux'!$B$6)+IF(H26="",0,H26*'💰 Prix matériaux'!$B$7)+IF(I26="",0,I26*'💰 Prix matériaux'!$B$8)+IF(J26="",0,J26*'💰 Prix matériaux'!$B$9)+IF(K26="",0,K26*'💰 Prix matériaux'!$B$10)+IF(L26="",0,L26*'💰 Prix matériaux'!$B$11)+IF(M26="",0,M26*'💰 Prix matériaux'!$B$12)+IF(N26="",0,N26*'💰 Prix matériaux'!$B$13)+IF(O26="",0,O26*'💰 Prix matériaux'!$B$15)+IF(P26="",0,P26*'💰 Prix matériaux'!$B$16) -> 85 | R26: =C26+Q26 -> 115
A27: Altmer | B27: Flèche | C27: 30 | I27: 1 | K27: 1 | Q27: =IF(D27="",0,D27*'💰 Prix matériaux'!$B$3)+IF(E27="",0,E27*'💰 Prix matériaux'!$B$4)+IF(F27="",0,F27*'💰 Prix matériaux'!$B$5)+IF(G27="",0,G27*'💰 Prix matériaux'!$B$6)+IF(H27="",0,H27*'💰 Prix matériaux'!$B$7)+IF(I27="",0,I27*'💰 Prix matériaux'!$B$8)+IF(J27="",0,J27*'💰 Prix matériaux'!$B$9)+IF(K27="",0,K27*'💰 Prix matériaux'!$B$10)+IF(L27="",0,L27*'💰 Prix matériaux'!$B$11)+IF(M27="",0,M27*'💰 Prix matériaux'!$B$12)+IF(N27="",0,N27*'💰 Prix matériaux'!$B$13)+IF(O27="",0,O27*'💰 Prix matériaux'!$B$15)+IF(P27="",0,P27*'💰 Prix matériaux'!$B$16) -> 25 | R27: =C27+Q27 -> 55
A28: Altmer | B28: Hache d'arme | C28: 30 | D28: 2 | G28: 1 | I28: 2 | M28: 2 | Q28: =IF(D28="",0,D28*'💰 Prix matériaux'!$B$3)+IF(E28="",0,E28*'💰 Prix matériaux'!$B$4)+IF(F28="",0,F28*'💰 Prix matériaux'!$B$5)+IF(G28="",0,G28*'💰 Prix matériaux'!$B$6)+IF(H28="",0,H28*'💰 Prix matériaux'!$B$7)+IF(I28="",0,I28*'💰 Prix matériaux'!$B$8)+IF(J28="",0,J28*'💰 Prix matériaux'!$B$9)+IF(K28="",0,K28*'💰 Prix matériaux'!$B$10)+IF(L28="",0,L28*'💰 Prix matériaux'!$B$11)+IF(M28="",0,M28*'💰 Prix matériaux'!$B$12)+IF(N28="",0,N28*'💰 Prix matériaux'!$B$13)+IF(O28="",0,O28*'💰 Prix matériaux'!$B$15)+IF(P28="",0,P28*'💰 Prix matériaux'!$B$16) -> 84 | R28: =C28+Q28 -> 114
A29: Altmer | B29: Hache | C29: 30 | D29: 1 | G29: 1 | I29: 1 | M29: 2 | Q29: =IF(D29="",0,D29*'💰 Prix matériaux'!$B$3)+IF(E29="",0,E29*'💰 Prix matériaux'!$B$4)+IF(F29="",0,F29*'💰 Prix matériaux'!$B$5)+IF(G29="",0,G29*'💰 Prix matériaux'!$B$6)+IF(H29="",0,H29*'💰 Prix matériaux'!$B$7)+IF(I29="",0,I29*'💰 Prix matériaux'!$B$8)+IF(J29="",0,J29*'💰 Prix matériaux'!$B$9)+IF(K29="",0,K29*'💰 Prix matériaux'!$B$10)+IF(L29="",0,L29*'💰 Prix matériaux'!$B$11)+IF(M29="",0,M29*'💰 Prix matériaux'!$B$12)+IF(N29="",0,N29*'💰 Prix matériaux'!$B$13)+IF(O29="",0,O29*'💰 Prix matériaux'!$B$15)+IF(P29="",0,P29*'💰 Prix matériaux'!$B$16) -> 56 | R29: =C29+Q29 -> 86
A30: Altmer | B30: Marteau de guerre | C30: 30 | D30: 2 | G30: 1 | I30: 2 | M30: 3 | Q30: =IF(D30="",0,D30*'💰 Prix matériaux'!$B$3)+IF(E30="",0,E30*'💰 Prix matériaux'!$B$4)+IF(F30="",0,F30*'💰 Prix matériaux'!$B$5)+IF(G30="",0,G30*'💰 Prix matériaux'!$B$6)+IF(H30="",0,H30*'💰 Prix matériaux'!$B$7)+IF(I30="",0,I30*'💰 Prix matériaux'!$B$8)+IF(J30="",0,J30*'💰 Prix matériaux'!$B$9)+IF(K30="",0,K30*'💰 Prix matériaux'!$B$10)+IF(L30="",0,L30*'💰 Prix matériaux'!$B$11)+IF(M30="",0,M30*'💰 Prix matériaux'!$B$12)+IF(N30="",0,N30*'💰 Prix matériaux'!$B$13)+IF(O30="",0,O30*'💰 Prix matériaux'!$B$15)+IF(P30="",0,P30*'💰 Prix matériaux'!$B$16) -> 85 | R30: =C30+Q30 -> 115
A31: Altmer | B31: Masse | C31: 30 | D31: 1 | G31: 1 | I31: 2 | M31: 1 | Q31: =IF(D31="",0,D31*'💰 Prix matériaux'!$B$3)+IF(E31="",0,E31*'💰 Prix matériaux'!$B$4)+IF(F31="",0,F31*'💰 Prix matériaux'!$B$5)+IF(G31="",0,G31*'💰 Prix matériaux'!$B$6)+IF(H31="",0,H31*'💰 Prix matériaux'!$B$7)+IF(I31="",0,I31*'💰 Prix matériaux'!$B$8)+IF(J31="",0,J31*'💰 Prix matériaux'!$B$9)+IF(K31="",0,K31*'💰 Prix matériaux'!$B$10)+IF(L31="",0,L31*'💰 Prix matériaux'!$B$11)+IF(M31="",0,M31*'💰 Prix matériaux'!$B$12)+IF(N31="",0,N31*'💰 Prix matériaux'!$B$13)+IF(O31="",0,O31*'💰 Prix matériaux'!$B$15)+IF(P31="",0,P31*'💰 Prix matériaux'!$B$16) -> 79 | R31: =C31+Q31 -> 109
A32: Altmer | B32: Épée | C32: 30 | D32: 1 | G32: 1 | I32: 1 | M32: 1 | Q32: =IF(D32="",0,D32*'💰 Prix matériaux'!$B$3)+IF(E32="",0,E32*'💰 Prix matériaux'!$B$4)+IF(F32="",0,F32*'💰 Prix matériaux'!$B$5)+IF(G32="",0,G32*'💰 Prix matériaux'!$B$6)+IF(H32="",0,H32*'💰 Prix matériaux'!$B$7)+IF(I32="",0,I32*'💰 Prix matériaux'!$B$8)+IF(J32="",0,J32*'💰 Prix matériaux'!$B$9)+IF(K32="",0,K32*'💰 Prix matériaux'!$B$10)+IF(L32="",0,L32*'💰 Prix matériaux'!$B$11)+IF(M32="",0,M32*'💰 Prix matériaux'!$B$12)+IF(N32="",0,N32*'💰 Prix matériaux'!$B$13)+IF(O32="",0,O32*'💰 Prix matériaux'!$B$15)+IF(P32="",0,P32*'💰 Prix matériaux'!$B$16) -> 55 | R32: =C32+Q32 -> 85
A33: BOSMER
A34: Bosmer | B34: Arc | C34: 30 | G34: 1 | I34: 2 | Q34: =IF(D34="",0,D34*'💰 Prix matériaux'!$B$3)+IF(E34="",0,E34*'💰 Prix matériaux'!$B$4)+IF(F34="",0,F34*'💰 Prix matériaux'!$B$5)+IF(G34="",0,G34*'💰 Prix matériaux'!$B$6)+IF(H34="",0,H34*'💰 Prix matériaux'!$B$7)+IF(I34="",0,I34*'💰 Prix matériaux'!$B$8)+IF(J34="",0,J34*'💰 Prix matériaux'!$B$9)+IF(K34="",0,K34*'💰 Prix matériaux'!$B$10)+IF(L34="",0,L34*'💰 Prix matériaux'!$B$11)+IF(M34="",0,M34*'💰 Prix matériaux'!$B$12)+IF(N34="",0,N34*'💰 Prix matériaux'!$B$13)+IF(O34="",0,O34*'💰 Prix matériaux'!$B$15)+IF(P34="",0,P34*'💰 Prix matériaux'!$B$16) -> 74 | R34: =C34+Q34 -> 104
A35: Bosmer | B35: Épée | C35: 30 | D35: 1 | G35: 1 | I35: 1 | M35: 1 | Q35: =IF(D35="",0,D35*'💰 Prix matériaux'!$B$3)+IF(E35="",0,E35*'💰 Prix matériaux'!$B$4)+IF(F35="",0,F35*'💰 Prix matériaux'!$B$5)+IF(G35="",0,G35*'💰 Prix matériaux'!$B$6)+IF(H35="",0,H35*'💰 Prix matériaux'!$B$7)+IF(I35="",0,I35*'💰 Prix matériaux'!$B$8)+IF(J35="",0,J35*'💰 Prix matériaux'!$B$9)+IF(K35="",0,K35*'💰 Prix matériaux'!$B$10)+IF(L35="",0,L35*'💰 Prix matériaux'!$B$11)+IF(M35="",0,M35*'💰 Prix matériaux'!$B$12)+IF(N35="",0,N35*'💰 Prix matériaux'!$B$13)+IF(O35="",0,O35*'💰 Prix matériaux'!$B$15)+IF(P35="",0,P35*'💰 Prix matériaux'!$B$16) -> 55 | R35: =C35+Q35 -> 85
A36: COMMUNE
A37: Commune | B37: Arc | C37: 15 | E37: 3 | M37: 1 | Q37: =IF(D37="",0,D37*'💰 Prix matériaux'!$B$3)+IF(E37="",0,E37*'💰 Prix matériaux'!$B$4)+IF(F37="",0,F37*'💰 Prix matériaux'!$B$5)+IF(G37="",0,G37*'💰 Prix matériaux'!$B$6)+IF(H37="",0,H37*'💰 Prix matériaux'!$B$7)+IF(I37="",0,I37*'💰 Prix matériaux'!$B$8)+IF(J37="",0,J37*'💰 Prix matériaux'!$B$9)+IF(K37="",0,K37*'💰 Prix matériaux'!$B$10)+IF(L37="",0,L37*'💰 Prix matériaux'!$B$11)+IF(M37="",0,M37*'💰 Prix matériaux'!$B$12)+IF(N37="",0,N37*'💰 Prix matériaux'!$B$13)+IF(O37="",0,O37*'💰 Prix matériaux'!$B$15)+IF(P37="",0,P37*'💰 Prix matériaux'!$B$16) -> 22 | R37: =C37+Q37 -> 37
A38: Commune | B38: Dague | C38: 15 | D38: 1 | I38: 1 | M38: 1 | Q38: =IF(D38="",0,D38*'💰 Prix matériaux'!$B$3)+IF(E38="",0,E38*'💰 Prix matériaux'!$B$4)+IF(F38="",0,F38*'💰 Prix matériaux'!$B$5)+IF(G38="",0,G38*'💰 Prix matériaux'!$B$6)+IF(H38="",0,H38*'💰 Prix matériaux'!$B$7)+IF(I38="",0,I38*'💰 Prix matériaux'!$B$8)+IF(J38="",0,J38*'💰 Prix matériaux'!$B$9)+IF(K38="",0,K38*'💰 Prix matériaux'!$B$10)+IF(L38="",0,L38*'💰 Prix matériaux'!$B$11)+IF(M38="",0,M38*'💰 Prix matériaux'!$B$12)+IF(N38="",0,N38*'💰 Prix matériaux'!$B$13)+IF(O38="",0,O38*'💰 Prix matériaux'!$B$15)+IF(P38="",0,P38*'💰 Prix matériaux'!$B$16) -> 29 | R38: =C38+Q38 -> 44
A39: Commune | B39: Hache | C39: 15 | D39: 1 | I39: 1 | M39: 2 | Q39: =IF(D39="",0,D39*'💰 Prix matériaux'!$B$3)+IF(E39="",0,E39*'💰 Prix matériaux'!$B$4)+IF(F39="",0,F39*'💰 Prix matériaux'!$B$5)+IF(G39="",0,G39*'💰 Prix matériaux'!$B$6)+IF(H39="",0,H39*'💰 Prix matériaux'!$B$7)+IF(I39="",0,I39*'💰 Prix matériaux'!$B$8)+IF(J39="",0,J39*'💰 Prix matériaux'!$B$9)+IF(K39="",0,K39*'💰 Prix matériaux'!$B$10)+IF(L39="",0,L39*'💰 Prix matériaux'!$B$11)+IF(M39="",0,M39*'💰 Prix matériaux'!$B$12)+IF(N39="",0,N39*'💰 Prix matériaux'!$B$13)+IF(O39="",0,O39*'💰 Prix matériaux'!$B$15)+IF(P39="",0,P39*'💰 Prix matériaux'!$B$16) -> 30 | R39: =C39+Q39 -> 45
A40: Commune | B40: Hache d'arme | C40: 15 | D40: 3 | I40: 1 | M40: 2 | Q40: =IF(D40="",0,D40*'💰 Prix matériaux'!$B$3)+IF(E40="",0,E40*'💰 Prix matériaux'!$B$4)+IF(F40="",0,F40*'💰 Prix matériaux'!$B$5)+IF(G40="",0,G40*'💰 Prix matériaux'!$B$6)+IF(H40="",0,H40*'💰 Prix matériaux'!$B$7)+IF(I40="",0,I40*'💰 Prix matériaux'!$B$8)+IF(J40="",0,J40*'💰 Prix matériaux'!$B$9)+IF(K40="",0,K40*'💰 Prix matériaux'!$B$10)+IF(L40="",0,L40*'💰 Prix matériaux'!$B$11)+IF(M40="",0,M40*'💰 Prix matériaux'!$B$12)+IF(N40="",0,N40*'💰 Prix matériaux'!$B$13)+IF(O40="",0,O40*'💰 Prix matériaux'!$B$15)+IF(P40="",0,P40*'💰 Prix matériaux'!$B$16) -> 38 | R40: =C40+Q40 -> 53
A41: Commune | B41: Épée | C41: 15 | D41: 1 | I41: 1 | M41: 1 | Q41: =IF(D41="",0,D41*'💰 Prix matériaux'!$B$3)+IF(E41="",0,E41*'💰 Prix matériaux'!$B$4)+IF(F41="",0,F41*'💰 Prix matériaux'!$B$5)+IF(G41="",0,G41*'💰 Prix matériaux'!$B$6)+IF(H41="",0,H41*'💰 Prix matériaux'!$B$7)+IF(I41="",0,I41*'💰 Prix matériaux'!$B$8)+IF(J41="",0,J41*'💰 Prix matériaux'!$B$9)+IF(K41="",0,K41*'💰 Prix matériaux'!$B$10)+IF(L41="",0,L41*'💰 Prix matériaux'!$B$11)+IF(M41="",0,M41*'💰 Prix matériaux'!$B$12)+IF(N41="",0,N41*'💰 Prix matériaux'!$B$13)+IF(O41="",0,O41*'💰 Prix matériaux'!$B$15)+IF(P41="",0,P41*'💰 Prix matériaux'!$B$16) -> 29 | R41: =C41+Q41 -> 44
A42: DWEMER
A43: Dwemer | B43: Arc | C43: 60 | D43: 1 | H43: 2 | Q43: =IF(D43="",0,D43*'💰 Prix matériaux'!$B$3)+IF(E43="",0,E43*'💰 Prix matériaux'!$B$4)+IF(F43="",0,F43*'💰 Prix matériaux'!$B$5)+IF(G43="",0,G43*'💰 Prix matériaux'!$B$6)+IF(H43="",0,H43*'💰 Prix matériaux'!$B$7)+IF(I43="",0,I43*'💰 Prix matériaux'!$B$8)+IF(J43="",0,J43*'💰 Prix matériaux'!$B$9)+IF(K43="",0,K43*'💰 Prix matériaux'!$B$10)+IF(L43="",0,L43*'💰 Prix matériaux'!$B$11)+IF(M43="",0,M43*'💰 Prix matériaux'!$B$12)+IF(N43="",0,N43*'💰 Prix matériaux'!$B$13)+IF(O43="",0,O43*'💰 Prix matériaux'!$B$15)+IF(P43="",0,P43*'💰 Prix matériaux'!$B$16) -> 104 | R43: =C43+Q43 -> 164
A44: Dwemer | B44: Dague | C44: 60 | D44: 2 | H44: 1 | M44: 1 | Q44: =IF(D44="",0,D44*'💰 Prix matériaux'!$B$3)+IF(E44="",0,E44*'💰 Prix matériaux'!$B$4)+IF(F44="",0,F44*'💰 Prix matériaux'!$B$5)+IF(G44="",0,G44*'💰 Prix matériaux'!$B$6)+IF(H44="",0,H44*'💰 Prix matériaux'!$B$7)+IF(I44="",0,I44*'💰 Prix matériaux'!$B$8)+IF(J44="",0,J44*'💰 Prix matériaux'!$B$9)+IF(K44="",0,K44*'💰 Prix matériaux'!$B$10)+IF(L44="",0,L44*'💰 Prix matériaux'!$B$11)+IF(M44="",0,M44*'💰 Prix matériaux'!$B$12)+IF(N44="",0,N44*'💰 Prix matériaux'!$B$13)+IF(O44="",0,O44*'💰 Prix matériaux'!$B$15)+IF(P44="",0,P44*'💰 Prix matériaux'!$B$16) -> 59 | R44: =C44+Q44 -> 119
A45: Dwemer | B45: Espadon | C45: 60 | D45: 2 | E45: 2 | H45: 2 | M45: 3 | Q45: =IF(D45="",0,D45*'💰 Prix matériaux'!$B$3)+IF(E45="",0,E45*'💰 Prix matériaux'!$B$4)+IF(F45="",0,F45*'💰 Prix matériaux'!$B$5)+IF(G45="",0,G45*'💰 Prix matériaux'!$B$6)+IF(H45="",0,H45*'💰 Prix matériaux'!$B$7)+IF(I45="",0,I45*'💰 Prix matériaux'!$B$8)+IF(J45="",0,J45*'💰 Prix matériaux'!$B$9)+IF(K45="",0,K45*'💰 Prix matériaux'!$B$10)+IF(L45="",0,L45*'💰 Prix matériaux'!$B$11)+IF(M45="",0,M45*'💰 Prix matériaux'!$B$12)+IF(N45="",0,N45*'💰 Prix matériaux'!$B$13)+IF(O45="",0,O45*'💰 Prix matériaux'!$B$15)+IF(P45="",0,P45*'💰 Prix matériaux'!$B$16) -> 125 | R45: =C45+Q45 -> 185
A46: Dwemer | B46: Flèche | C46: 60 | H46: 1 | K46: 1 | Q46: =IF(D46="",0,D46*'💰 Prix matériaux'!$B$3)+IF(E46="",0,E46*'💰 Prix matériaux'!$B$4)+IF(F46="",0,F46*'💰 Prix matériaux'!$B$5)+IF(G46="",0,G46*'💰 Prix matériaux'!$B$6)+IF(H46="",0,H46*'💰 Prix matériaux'!$B$7)+IF(I46="",0,I46*'💰 Prix matériaux'!$B$8)+IF(J46="",0,J46*'💰 Prix matériaux'!$B$9)+IF(K46="",0,K46*'💰 Prix matériaux'!$B$10)+IF(L46="",0,L46*'💰 Prix matériaux'!$B$11)+IF(M46="",0,M46*'💰 Prix matériaux'!$B$12)+IF(N46="",0,N46*'💰 Prix matériaux'!$B$13)+IF(O46="",0,O46*'💰 Prix matériaux'!$B$15)+IF(P46="",0,P46*'💰 Prix matériaux'!$B$16) -> 51 | R46: =C46+Q46 -> 111
A47: Dwemer | B47: Hache | C47: 60 | D47: 1 | E47: 1 | H47: 1 | M47: 2 | Q47: =IF(D47="",0,D47*'💰 Prix matériaux'!$B$3)+IF(E47="",0,E47*'💰 Prix matériaux'!$B$4)+IF(F47="",0,F47*'💰 Prix matériaux'!$B$5)+IF(G47="",0,G47*'💰 Prix matériaux'!$B$6)+IF(H47="",0,H47*'💰 Prix matériaux'!$B$7)+IF(I47="",0,I47*'💰 Prix matériaux'!$B$8)+IF(J47="",0,J47*'💰 Prix matériaux'!$B$9)+IF(K47="",0,K47*'💰 Prix matériaux'!$B$10)+IF(L47="",0,L47*'💰 Prix matériaux'!$B$11)+IF(M47="",0,M47*'💰 Prix matériaux'!$B$12)+IF(N47="",0,N47*'💰 Prix matériaux'!$B$13)+IF(O47="",0,O47*'💰 Prix matériaux'!$B$15)+IF(P47="",0,P47*'💰 Prix matériaux'!$B$16) -> 63 | R47: =C47+Q47 -> 123
A48: Dwemer | B48: Hache d'arme | C48: 60 | D48: 1 | E48: 2 | H48: 2 | M48: 2 | Q48: =IF(D48="",0,D48*'💰 Prix matériaux'!$B$3)+IF(E48="",0,E48*'💰 Prix matériaux'!$B$4)+IF(F48="",0,F48*'💰 Prix matériaux'!$B$5)+IF(G48="",0,G48*'💰 Prix matériaux'!$B$6)+IF(H48="",0,H48*'💰 Prix matériaux'!$B$7)+IF(I48="",0,I48*'💰 Prix matériaux'!$B$8)+IF(J48="",0,J48*'💰 Prix matériaux'!$B$9)+IF(K48="",0,K48*'💰 Prix matériaux'!$B$10)+IF(L48="",0,L48*'💰 Prix matériaux'!$B$11)+IF(M48="",0,M48*'💰 Prix matériaux'!$B$12)+IF(N48="",0,N48*'💰 Prix matériaux'!$B$13)+IF(O48="",0,O48*'💰 Prix matériaux'!$B$15)+IF(P48="",0,P48*'💰 Prix matériaux'!$B$16) -> 120 | R48: =C48+Q48 -> 180
A49: Dwemer | B49: Marteau de guerre | C49: 60 | D49: 1 | E49: 2 | H49: 2 | M49: 3 | Q49: =IF(D49="",0,D49*'💰 Prix matériaux'!$B$3)+IF(E49="",0,E49*'💰 Prix matériaux'!$B$4)+IF(F49="",0,F49*'💰 Prix matériaux'!$B$5)+IF(G49="",0,G49*'💰 Prix matériaux'!$B$6)+IF(H49="",0,H49*'💰 Prix matériaux'!$B$7)+IF(I49="",0,I49*'💰 Prix matériaux'!$B$8)+IF(J49="",0,J49*'💰 Prix matériaux'!$B$9)+IF(K49="",0,K49*'💰 Prix matériaux'!$B$10)+IF(L49="",0,L49*'💰 Prix matériaux'!$B$11)+IF(M49="",0,M49*'💰 Prix matériaux'!$B$12)+IF(N49="",0,N49*'💰 Prix matériaux'!$B$13)+IF(O49="",0,O49*'💰 Prix matériaux'!$B$15)+IF(P49="",0,P49*'💰 Prix matériaux'!$B$16) -> 121 | R49: =C49+Q49 -> 181
A50: Dwemer | B50: Masse | C50: 60 | D50: 1 | E50: 1 | H50: 2 | M50: 1 | Q50: =IF(D50="",0,D50*'💰 Prix matériaux'!$B$3)+IF(E50="",0,E50*'💰 Prix matériaux'!$B$4)+IF(F50="",0,F50*'💰 Prix matériaux'!$B$5)+IF(G50="",0,G50*'💰 Prix matériaux'!$B$6)+IF(H50="",0,H50*'💰 Prix matériaux'!$B$7)+IF(I50="",0,I50*'💰 Prix matériaux'!$B$8)+IF(J50="",0,J50*'💰 Prix matériaux'!$B$9)+IF(K50="",0,K50*'💰 Prix matériaux'!$B$10)+IF(L50="",0,L50*'💰 Prix matériaux'!$B$11)+IF(M50="",0,M50*'💰 Prix matériaux'!$B$12)+IF(N50="",0,N50*'💰 Prix matériaux'!$B$13)+IF(O50="",0,O50*'💰 Prix matériaux'!$B$15)+IF(P50="",0,P50*'💰 Prix matériaux'!$B$16) -> 112 | R50: =C50+Q50 -> 172
A51: Dwemer | B51: Épée | C51: 60 | D51: 1 | E51: 1 | H51: 1 | M51: 1 | Q51: =IF(D51="",0,D51*'💰 Prix matériaux'!$B$3)+IF(E51="",0,E51*'💰 Prix matériaux'!$B$4)+IF(F51="",0,F51*'💰 Prix matériaux'!$B$5)+IF(G51="",0,G51*'💰 Prix matériaux'!$B$6)+IF(H51="",0,H51*'💰 Prix matériaux'!$B$7)+IF(I51="",0,I51*'💰 Prix matériaux'!$B$8)+IF(J51="",0,J51*'💰 Prix matériaux'!$B$9)+IF(K51="",0,K51*'💰 Prix matériaux'!$B$10)+IF(L51="",0,L51*'💰 Prix matériaux'!$B$11)+IF(M51="",0,M51*'💰 Prix matériaux'!$B$12)+IF(N51="",0,N51*'💰 Prix matériaux'!$B$13)+IF(O51="",0,O51*'💰 Prix matériaux'!$B$15)+IF(P51="",0,P51*'💰 Prix matériaux'!$B$16) -> 62 | R51: =C51+Q51 -> 122
A52: ORC
A53: Orc | B53: Arc | C53: 40 | D53: 1 | F53: 2 | Q53: =IF(D53="",0,D53*'💰 Prix matériaux'!$B$3)+IF(E53="",0,E53*'💰 Prix matériaux'!$B$4)+IF(F53="",0,F53*'💰 Prix matériaux'!$B$5)+IF(G53="",0,G53*'💰 Prix matériaux'!$B$6)+IF(H53="",0,H53*'💰 Prix matériaux'!$B$7)+IF(I53="",0,I53*'💰 Prix matériaux'!$B$8)+IF(J53="",0,J53*'💰 Prix matériaux'!$B$9)+IF(K53="",0,K53*'💰 Prix matériaux'!$B$10)+IF(L53="",0,L53*'💰 Prix matériaux'!$B$11)+IF(M53="",0,M53*'💰 Prix matériaux'!$B$12)+IF(N53="",0,N53*'💰 Prix matériaux'!$B$13)+IF(O53="",0,O53*'💰 Prix matériaux'!$B$15)+IF(P53="",0,P53*'💰 Prix matériaux'!$B$16) -> 44 | R53: =C53+Q53 -> 84
A54: Orc | B54: Dague | C54: 40 | D54: 1 | F54: 1 | M54: 1 | Q54: =IF(D54="",0,D54*'💰 Prix matériaux'!$B$3)+IF(E54="",0,E54*'💰 Prix matériaux'!$B$4)+IF(F54="",0,F54*'💰 Prix matériaux'!$B$5)+IF(G54="",0,G54*'💰 Prix matériaux'!$B$6)+IF(H54="",0,H54*'💰 Prix matériaux'!$B$7)+IF(I54="",0,I54*'💰 Prix matériaux'!$B$8)+IF(J54="",0,J54*'💰 Prix matériaux'!$B$9)+IF(K54="",0,K54*'💰 Prix matériaux'!$B$10)+IF(L54="",0,L54*'💰 Prix matériaux'!$B$11)+IF(M54="",0,M54*'💰 Prix matériaux'!$B$12)+IF(N54="",0,N54*'💰 Prix matériaux'!$B$13)+IF(O54="",0,O54*'💰 Prix matériaux'!$B$15)+IF(P54="",0,P54*'💰 Prix matériaux'!$B$16) -> 25 | R54: =C54+Q54 -> 65
A55: Orc | B55: Espadon | C55: 40 | D55: 2 | F55: 4 | M55: 3 | Q55: =IF(D55="",0,D55*'💰 Prix matériaux'!$B$3)+IF(E55="",0,E55*'💰 Prix matériaux'!$B$4)+IF(F55="",0,F55*'💰 Prix matériaux'!$B$5)+IF(G55="",0,G55*'💰 Prix matériaux'!$B$6)+IF(H55="",0,H55*'💰 Prix matériaux'!$B$7)+IF(I55="",0,I55*'💰 Prix matériaux'!$B$8)+IF(J55="",0,J55*'💰 Prix matériaux'!$B$9)+IF(K55="",0,K55*'💰 Prix matériaux'!$B$10)+IF(L55="",0,L55*'💰 Prix matériaux'!$B$11)+IF(M55="",0,M55*'💰 Prix matériaux'!$B$12)+IF(N55="",0,N55*'💰 Prix matériaux'!$B$13)+IF(O55="",0,O55*'💰 Prix matériaux'!$B$15)+IF(P55="",0,P55*'💰 Prix matériaux'!$B$16) -> 91 | R55: =C55+Q55 -> 131
A56: Orc | B56: Flèche | C56: 40 | F56: 1 | K56: 1 | Q56: =IF(D56="",0,D56*'💰 Prix matériaux'!$B$3)+IF(E56="",0,E56*'💰 Prix matériaux'!$B$4)+IF(F56="",0,F56*'💰 Prix matériaux'!$B$5)+IF(G56="",0,G56*'💰 Prix matériaux'!$B$6)+IF(H56="",0,H56*'💰 Prix matériaux'!$B$7)+IF(I56="",0,I56*'💰 Prix matériaux'!$B$8)+IF(J56="",0,J56*'💰 Prix matériaux'!$B$9)+IF(K56="",0,K56*'💰 Prix matériaux'!$B$10)+IF(L56="",0,L56*'💰 Prix matériaux'!$B$11)+IF(M56="",0,M56*'💰 Prix matériaux'!$B$12)+IF(N56="",0,N56*'💰 Prix matériaux'!$B$13)+IF(O56="",0,O56*'💰 Prix matériaux'!$B$15)+IF(P56="",0,P56*'💰 Prix matériaux'!$B$16) -> 21 | R56: =C56+Q56 -> 61
A57: Orc | B57: Hache d'arme | C57: 40 | D57: 1 | F57: 4 | M57: 2 | Q57: =IF(D57="",0,D57*'💰 Prix matériaux'!$B$3)+IF(E57="",0,E57*'💰 Prix matériaux'!$B$4)+IF(F57="",0,F57*'💰 Prix matériaux'!$B$5)+IF(G57="",0,G57*'💰 Prix matériaux'!$B$6)+IF(H57="",0,H57*'💰 Prix matériaux'!$B$7)+IF(I57="",0,I57*'💰 Prix matériaux'!$B$8)+IF(J57="",0,J57*'💰 Prix matériaux'!$B$9)+IF(K57="",0,K57*'💰 Prix matériaux'!$B$10)+IF(L57="",0,L57*'💰 Prix matériaux'!$B$11)+IF(M57="",0,M57*'💰 Prix matériaux'!$B$12)+IF(N57="",0,N57*'💰 Prix matériaux'!$B$13)+IF(O57="",0,O57*'💰 Prix matériaux'!$B$15)+IF(P57="",0,P57*'💰 Prix matériaux'!$B$16) -> 86 | R57: =C57+Q57 -> 126
A58: Orc | B58: Hache | C58: 40 | D58: 1 | F58: 2 | M58: 2 | Q58: =IF(D58="",0,D58*'💰 Prix matériaux'!$B$3)+IF(E58="",0,E58*'💰 Prix matériaux'!$B$4)+IF(F58="",0,F58*'💰 Prix matériaux'!$B$5)+IF(G58="",0,G58*'💰 Prix matériaux'!$B$6)+IF(H58="",0,H58*'💰 Prix matériaux'!$B$7)+IF(I58="",0,I58*'💰 Prix matériaux'!$B$8)+IF(J58="",0,J58*'💰 Prix matériaux'!$B$9)+IF(K58="",0,K58*'💰 Prix matériaux'!$B$10)+IF(L58="",0,L58*'💰 Prix matériaux'!$B$11)+IF(M58="",0,M58*'💰 Prix matériaux'!$B$12)+IF(N58="",0,N58*'💰 Prix matériaux'!$B$13)+IF(O58="",0,O58*'💰 Prix matériaux'!$B$15)+IF(P58="",0,P58*'💰 Prix matériaux'!$B$16) -> 46 | R58: =C58+Q58 -> 86
A59: Orc | B59: Marteau de guerre | C59: 40 | D59: 1 | F59: 4 | M59: 3 | Q59: =IF(D59="",0,D59*'💰 Prix matériaux'!$B$3)+IF(E59="",0,E59*'💰 Prix matériaux'!$B$4)+IF(F59="",0,F59*'💰 Prix matériaux'!$B$5)+IF(G59="",0,G59*'💰 Prix matériaux'!$B$6)+IF(H59="",0,H59*'💰 Prix matériaux'!$B$7)+IF(I59="",0,I59*'💰 Prix matériaux'!$B$8)+IF(J59="",0,J59*'💰 Prix matériaux'!$B$9)+IF(K59="",0,K59*'💰 Prix matériaux'!$B$10)+IF(L59="",0,L59*'💰 Prix matériaux'!$B$11)+IF(M59="",0,M59*'💰 Prix matériaux'!$B$12)+IF(N59="",0,N59*'💰 Prix matériaux'!$B$13)+IF(O59="",0,O59*'💰 Prix matériaux'!$B$15)+IF(P59="",0,P59*'💰 Prix matériaux'!$B$16) -> 87 | R59: =C59+Q59 -> 127
A60: Orc | B60: Masse | C60: 40 | D60: 1 | F60: 3 | M60: 1 | Q60: =IF(D60="",0,D60*'💰 Prix matériaux'!$B$3)+IF(E60="",0,E60*'💰 Prix matériaux'!$B$4)+IF(F60="",0,F60*'💰 Prix matériaux'!$B$5)+IF(G60="",0,G60*'💰 Prix matériaux'!$B$6)+IF(H60="",0,H60*'💰 Prix matériaux'!$B$7)+IF(I60="",0,I60*'💰 Prix matériaux'!$B$8)+IF(J60="",0,J60*'💰 Prix matériaux'!$B$9)+IF(K60="",0,K60*'💰 Prix matériaux'!$B$10)+IF(L60="",0,L60*'💰 Prix matériaux'!$B$11)+IF(M60="",0,M60*'💰 Prix matériaux'!$B$12)+IF(N60="",0,N60*'💰 Prix matériaux'!$B$13)+IF(O60="",0,O60*'💰 Prix matériaux'!$B$15)+IF(P60="",0,P60*'💰 Prix matériaux'!$B$16) -> 65 | R60: =C60+Q60 -> 105
A61: Orc | B61: Épée | C61: 40 | D61: 1 | F61: 2 | M61: 1 | Q61: =IF(D61="",0,D61*'💰 Prix matériaux'!$B$3)+IF(E61="",0,E61*'💰 Prix matériaux'!$B$4)+IF(F61="",0,F61*'💰 Prix matériaux'!$B$5)+IF(G61="",0,G61*'💰 Prix matériaux'!$B$6)+IF(H61="",0,H61*'💰 Prix matériaux'!$B$7)+IF(I61="",0,I61*'💰 Prix matériaux'!$B$8)+IF(J61="",0,J61*'💰 Prix matériaux'!$B$9)+IF(K61="",0,K61*'💰 Prix matériaux'!$B$10)+IF(L61="",0,L61*'💰 Prix matériaux'!$B$11)+IF(M61="",0,M61*'💰 Prix matériaux'!$B$12)+IF(N61="",0,N61*'💰 Prix matériaux'!$B$13)+IF(O61="",0,O61*'💰 Prix matériaux'!$B$15)+IF(P61="",0,P61*'💰 Prix matériaux'!$B$16) -> 45 | R61: =C61+Q61 -> 85
A62: ÉBONITE
A63: Ébonite | B63: Arc d'ébonite | C63: 100 | P63: 3 | Q63: =IF(D63="",0,D63*'💰 Prix matériaux'!$B$3)+IF(E63="",0,E63*'💰 Prix matériaux'!$B$4)+IF(F63="",0,F63*'💰 Prix matériaux'!$B$5)+IF(G63="",0,G63*'💰 Prix matériaux'!$B$6)+IF(H63="",0,H63*'💰 Prix matériaux'!$B$7)+IF(I63="",0,I63*'💰 Prix matériaux'!$B$8)+IF(J63="",0,J63*'💰 Prix matériaux'!$B$9)+IF(K63="",0,K63*'💰 Prix matériaux'!$B$10)+IF(L63="",0,L63*'💰 Prix matériaux'!$B$11)+IF(M63="",0,M63*'💰 Prix matériaux'!$B$12)+IF(N63="",0,N63*'💰 Prix matériaux'!$B$13)+IF(O63="",0,O63*'💰 Prix matériaux'!$B$15)+IF(P63="",0,P63*'💰 Prix matériaux'!$B$16) -> 240 | R63: =C63+Q63 -> 340
A64: Ébonite | B64: Dague d'ébonite | C64: 100 | M64: 1 | P64: 1 | Q64: =IF(D64="",0,D64*'💰 Prix matériaux'!$B$3)+IF(E64="",0,E64*'💰 Prix matériaux'!$B$4)+IF(F64="",0,F64*'💰 Prix matériaux'!$B$5)+IF(G64="",0,G64*'💰 Prix matériaux'!$B$6)+IF(H64="",0,H64*'💰 Prix matériaux'!$B$7)+IF(I64="",0,I64*'💰 Prix matériaux'!$B$8)+IF(J64="",0,J64*'💰 Prix matériaux'!$B$9)+IF(K64="",0,K64*'💰 Prix matériaux'!$B$10)+IF(L64="",0,L64*'💰 Prix matériaux'!$B$11)+IF(M64="",0,M64*'💰 Prix matériaux'!$B$12)+IF(N64="",0,N64*'💰 Prix matériaux'!$B$13)+IF(O64="",0,O64*'💰 Prix matériaux'!$B$15)+IF(P64="",0,P64*'💰 Prix matériaux'!$B$16) -> 81 | R64: =C64+Q64 -> 181
A65: Ébonite | B65: Épée d'ébonite | C65: 100 | M65: 1 | P65: 2 | Q65: =IF(D65="",0,D65*'💰 Prix matériaux'!$B$3)+IF(E65="",0,E65*'💰 Prix matériaux'!$B$4)+IF(F65="",0,F65*'💰 Prix matériaux'!$B$5)+IF(G65="",0,G65*'💰 Prix matériaux'!$B$6)+IF(H65="",0,H65*'💰 Prix matériaux'!$B$7)+IF(I65="",0,I65*'💰 Prix matériaux'!$B$8)+IF(J65="",0,J65*'💰 Prix matériaux'!$B$9)+IF(K65="",0,K65*'💰 Prix matériaux'!$B$10)+IF(L65="",0,L65*'💰 Prix matériaux'!$B$11)+IF(M65="",0,M65*'💰 Prix matériaux'!$B$12)+IF(N65="",0,N65*'💰 Prix matériaux'!$B$13)+IF(O65="",0,O65*'💰 Prix matériaux'!$B$15)+IF(P65="",0,P65*'💰 Prix matériaux'!$B$16) -> 161 | R65: =C65+Q65 -> 261
A66: Ébonite | B66: Hache d'ébonite | C66: 100 | M66: 2 | P66: 2 | Q66: =IF(D66="",0,D66*'💰 Prix matériaux'!$B$3)+IF(E66="",0,E66*'💰 Prix matériaux'!$B$4)+IF(F66="",0,F66*'💰 Prix matériaux'!$B$5)+IF(G66="",0,G66*'💰 Prix matériaux'!$B$6)+IF(H66="",0,H66*'💰 Prix matériaux'!$B$7)+IF(I66="",0,I66*'💰 Prix matériaux'!$B$8)+IF(J66="",0,J66*'💰 Prix matériaux'!$B$9)+IF(K66="",0,K66*'💰 Prix matériaux'!$B$10)+IF(L66="",0,L66*'💰 Prix matériaux'!$B$11)+IF(M66="",0,M66*'💰 Prix matériaux'!$B$12)+IF(N66="",0,N66*'💰 Prix matériaux'!$B$13)+IF(O66="",0,O66*'💰 Prix matériaux'!$B$15)+IF(P66="",0,P66*'💰 Prix matériaux'!$B$16) -> 162 | R66: =C66+Q66 -> 262
A67: Ébonite | B67: Masse d'ébonite | C67: 100 | M67: 1 | P67: 3 | Q67: =IF(D67="",0,D67*'💰 Prix matériaux'!$B$3)+IF(E67="",0,E67*'💰 Prix matériaux'!$B$4)+IF(F67="",0,F67*'💰 Prix matériaux'!$B$5)+IF(G67="",0,G67*'💰 Prix matériaux'!$B$6)+IF(H67="",0,H67*'💰 Prix matériaux'!$B$7)+IF(I67="",0,I67*'💰 Prix matériaux'!$B$8)+IF(J67="",0,J67*'💰 Prix matériaux'!$B$9)+IF(K67="",0,K67*'💰 Prix matériaux'!$B$10)+IF(L67="",0,L67*'💰 Prix matériaux'!$B$11)+IF(M67="",0,M67*'💰 Prix matériaux'!$B$12)+IF(N67="",0,N67*'💰 Prix matériaux'!$B$13)+IF(O67="",0,O67*'💰 Prix matériaux'!$B$15)+IF(P67="",0,P67*'💰 Prix matériaux'!$B$16) -> 241 | R67: =C67+Q67 -> 341
A68: Ébonite | B68: Espadon d'ébonite | C68: 100 | M68: 3 | P68: 5 | Q68: =IF(D68="",0,D68*'💰 Prix matériaux'!$B$3)+IF(E68="",0,E68*'💰 Prix matériaux'!$B$4)+IF(F68="",0,F68*'💰 Prix matériaux'!$B$5)+IF(G68="",0,G68*'💰 Prix matériaux'!$B$6)+IF(H68="",0,H68*'💰 Prix matériaux'!$B$7)+IF(I68="",0,I68*'💰 Prix matériaux'!$B$8)+IF(J68="",0,J68*'💰 Prix matériaux'!$B$9)+IF(K68="",0,K68*'💰 Prix matériaux'!$B$10)+IF(L68="",0,L68*'💰 Prix matériaux'!$B$11)+IF(M68="",0,M68*'💰 Prix matériaux'!$B$12)+IF(N68="",0,N68*'💰 Prix matériaux'!$B$13)+IF(O68="",0,O68*'💰 Prix matériaux'!$B$15)+IF(P68="",0,P68*'💰 Prix matériaux'!$B$16) -> 403 | R68: =C68+Q68 -> 503
A69: Ébonite | B69: Hache d'armes d'ébonite | C69: 100 | M69: 2 | P69: 5 | Q69: =IF(D69="",0,D69*'💰 Prix matériaux'!$B$3)+IF(E69="",0,E69*'💰 Prix matériaux'!$B$4)+IF(F69="",0,F69*'💰 Prix matériaux'!$B$5)+IF(G69="",0,G69*'💰 Prix matériaux'!$B$6)+IF(H69="",0,H69*'💰 Prix matériaux'!$B$7)+IF(I69="",0,I69*'💰 Prix matériaux'!$B$8)+IF(J69="",0,J69*'💰 Prix matériaux'!$B$9)+IF(K69="",0,K69*'💰 Prix matériaux'!$B$10)+IF(L69="",0,L69*'💰 Prix matériaux'!$B$11)+IF(M69="",0,M69*'💰 Prix matériaux'!$B$12)+IF(N69="",0,N69*'💰 Prix matériaux'!$B$13)+IF(O69="",0,O69*'💰 Prix matériaux'!$B$15)+IF(P69="",0,P69*'💰 Prix matériaux'!$B$16) -> 402 | R69: =C69+Q69 -> 502
A70: Ébonite | B70: Marteau d'ébonite | C70: 100 | M70: 3 | P70: 5 | Q70: =IF(D70="",0,D70*'💰 Prix matériaux'!$B$3)+IF(E70="",0,E70*'💰 Prix matériaux'!$B$4)+IF(F70="",0,F70*'💰 Prix matériaux'!$B$5)+IF(G70="",0,G70*'💰 Prix matériaux'!$B$6)+IF(H70="",0,H70*'💰 Prix matériaux'!$B$7)+IF(I70="",0,I70*'💰 Prix matériaux'!$B$8)+IF(J70="",0,J70*'💰 Prix matériaux'!$B$9)+IF(K70="",0,K70*'💰 Prix matériaux'!$B$10)+IF(L70="",0,L70*'💰 Prix matériaux'!$B$11)+IF(M70="",0,M70*'💰 Prix matériaux'!$B$12)+IF(N70="",0,N70*'💰 Prix matériaux'!$B$13)+IF(O70="",0,O70*'💰 Prix matériaux'!$B$15)+IF(P70="",0,P70*'💰 Prix matériaux'!$B$16) -> 403 | R70: =C70+Q70 -> 503
A71: Ébonite | B71: Flèche d'ébonite | C71: 100 | K71: 1 | P71: 1 | Q71: =IF(D71="",0,D71*'💰 Prix matériaux'!$B$3)+IF(E71="",0,E71*'💰 Prix matériaux'!$B$4)+IF(F71="",0,F71*'💰 Prix matériaux'!$B$5)+IF(G71="",0,G71*'💰 Prix matériaux'!$B$6)+IF(H71="",0,H71*'💰 Prix matériaux'!$B$7)+IF(I71="",0,I71*'💰 Prix matériaux'!$B$8)+IF(J71="",0,J71*'💰 Prix matériaux'!$B$9)+IF(K71="",0,K71*'💰 Prix matériaux'!$B$10)+IF(L71="",0,L71*'💰 Prix matériaux'!$B$11)+IF(M71="",0,M71*'💰 Prix matériaux'!$B$12)+IF(N71="",0,N71*'💰 Prix matériaux'!$B$13)+IF(O71="",0,O71*'💰 Prix matériaux'!$B$15)+IF(P71="",0,P71*'💰 Prix matériaux'!$B$16) -> 81 | R71: =C71+Q71 -> 181
A72: ÉBONITE DORÉE
A73: Ébonite dorée | B73: Gilded Ebony Dagger | C73: 100 | M73: 1 | N73: 1 | P73: 1 | Q73: =IF(D73="",0,D73*'💰 Prix matériaux'!$B$3)+IF(E73="",0,E73*'💰 Prix matériaux'!$B$4)+IF(F73="",0,F73*'💰 Prix matériaux'!$B$5)+IF(G73="",0,G73*'💰 Prix matériaux'!$B$6)+IF(H73="",0,H73*'💰 Prix matériaux'!$B$7)+IF(I73="",0,I73*'💰 Prix matériaux'!$B$8)+IF(J73="",0,J73*'💰 Prix matériaux'!$B$9)+IF(K73="",0,K73*'💰 Prix matériaux'!$B$10)+IF(L73="",0,L73*'💰 Prix matériaux'!$B$11)+IF(M73="",0,M73*'💰 Prix matériaux'!$B$12)+IF(N73="",0,N73*'💰 Prix matériaux'!$B$13)+IF(O73="",0,O73*'💰 Prix matériaux'!$B$15)+IF(P73="",0,P73*'💰 Prix matériaux'!$B$16) -> 81 | R73: =C73+Q73 -> 181
A74: Ébonite dorée | B74: Gilded Ebony Sword | C74: 100 | M74: 1 | N74: 1 | P74: 2 | Q74: =IF(D74="",0,D74*'💰 Prix matériaux'!$B$3)+IF(E74="",0,E74*'💰 Prix matériaux'!$B$4)+IF(F74="",0,F74*'💰 Prix matériaux'!$B$5)+IF(G74="",0,G74*'💰 Prix matériaux'!$B$6)+IF(H74="",0,H74*'💰 Prix matériaux'!$B$7)+IF(I74="",0,I74*'💰 Prix matériaux'!$B$8)+IF(J74="",0,J74*'💰 Prix matériaux'!$B$9)+IF(K74="",0,K74*'💰 Prix matériaux'!$B$10)+IF(L74="",0,L74*'💰 Prix matériaux'!$B$11)+IF(M74="",0,M74*'💰 Prix matériaux'!$B$12)+IF(N74="",0,N74*'💰 Prix matériaux'!$B$13)+IF(O74="",0,O74*'💰 Prix matériaux'!$B$15)+IF(P74="",0,P74*'💰 Prix matériaux'!$B$16) -> 161 | R74: =C74+Q74 -> 261
A75: Ébonite dorée | B75: Gilded Ebony War Axe | C75: 100 | M75: 2 | N75: 1 | P75: 2 | Q75: =IF(D75="",0,D75*'💰 Prix matériaux'!$B$3)+IF(E75="",0,E75*'💰 Prix matériaux'!$B$4)+IF(F75="",0,F75*'💰 Prix matériaux'!$B$5)+IF(G75="",0,G75*'💰 Prix matériaux'!$B$6)+IF(H75="",0,H75*'💰 Prix matériaux'!$B$7)+IF(I75="",0,I75*'💰 Prix matériaux'!$B$8)+IF(J75="",0,J75*'💰 Prix matériaux'!$B$9)+IF(K75="",0,K75*'💰 Prix matériaux'!$B$10)+IF(L75="",0,L75*'💰 Prix matériaux'!$B$11)+IF(M75="",0,M75*'💰 Prix matériaux'!$B$12)+IF(N75="",0,N75*'💰 Prix matériaux'!$B$13)+IF(O75="",0,O75*'💰 Prix matériaux'!$B$15)+IF(P75="",0,P75*'💰 Prix matériaux'!$B$16) -> 162 | R75: =C75+Q75 -> 262
A76: Ébonite dorée | B76: Gilded Ebony Mace | C76: 100 | M76: 1 | N76: 1 | P76: 3 | Q76: =IF(D76="",0,D76*'💰 Prix matériaux'!$B$3)+IF(E76="",0,E76*'💰 Prix matériaux'!$B$4)+IF(F76="",0,F76*'💰 Prix matériaux'!$B$5)+IF(G76="",0,G76*'💰 Prix matériaux'!$B$6)+IF(H76="",0,H76*'💰 Prix matériaux'!$B$7)+IF(I76="",0,I76*'💰 Prix matériaux'!$B$8)+IF(J76="",0,J76*'💰 Prix matériaux'!$B$9)+IF(K76="",0,K76*'💰 Prix matériaux'!$B$10)+IF(L76="",0,L76*'💰 Prix matériaux'!$B$11)+IF(M76="",0,M76*'💰 Prix matériaux'!$B$12)+IF(N76="",0,N76*'💰 Prix matériaux'!$B$13)+IF(O76="",0,O76*'💰 Prix matériaux'!$B$15)+IF(P76="",0,P76*'💰 Prix matériaux'!$B$16) -> 241 | R76: =C76+Q76 -> 341
A77: Ébonite dorée | B77: Gilded Ebony Greatsword | C77: 100 | M77: 3 | N77: 1 | P77: 5 | Q77: =IF(D77="",0,D77*'💰 Prix matériaux'!$B$3)+IF(E77="",0,E77*'💰 Prix matériaux'!$B$4)+IF(F77="",0,F77*'💰 Prix matériaux'!$B$5)+IF(G77="",0,G77*'💰 Prix matériaux'!$B$6)+IF(H77="",0,H77*'💰 Prix matériaux'!$B$7)+IF(I77="",0,I77*'💰 Prix matériaux'!$B$8)+IF(J77="",0,J77*'💰 Prix matériaux'!$B$9)+IF(K77="",0,K77*'💰 Prix matériaux'!$B$10)+IF(L77="",0,L77*'💰 Prix matériaux'!$B$11)+IF(M77="",0,M77*'💰 Prix matériaux'!$B$12)+IF(N77="",0,N77*'💰 Prix matériaux'!$B$13)+IF(O77="",0,O77*'💰 Prix matériaux'!$B$15)+IF(P77="",0,P77*'💰 Prix matériaux'!$B$16) -> 403 | R77: =C77+Q77 -> 503
A78: Ébonite dorée | B78: Gilded Ebony Battleaxe | C78: 100 | M78: 2 | N78: 1 | P78: 5 | Q78: =IF(D78="",0,D78*'💰 Prix matériaux'!$B$3)+IF(E78="",0,E78*'💰 Prix matériaux'!$B$4)+IF(F78="",0,F78*'💰 Prix matériaux'!$B$5)+IF(G78="",0,G78*'💰 Prix matériaux'!$B$6)+IF(H78="",0,H78*'💰 Prix matériaux'!$B$7)+IF(I78="",0,I78*'💰 Prix matériaux'!$B$8)+IF(J78="",0,J78*'💰 Prix matériaux'!$B$9)+IF(K78="",0,K78*'💰 Prix matériaux'!$B$10)+IF(L78="",0,L78*'💰 Prix matériaux'!$B$11)+IF(M78="",0,M78*'💰 Prix matériaux'!$B$12)+IF(N78="",0,N78*'💰 Prix matériaux'!$B$13)+IF(O78="",0,O78*'💰 Prix matériaux'!$B$15)+IF(P78="",0,P78*'💰 Prix matériaux'!$B$16) -> 402 | R78: =C78+Q78 -> 502
A79: VERRE
A80: Verre | B80: Arc de verre | C80: 80 | I80: 1 | O80: 2 | Q80: =IF(D80="",0,D80*'💰 Prix matériaux'!$B$3)+IF(E80="",0,E80*'💰 Prix matériaux'!$B$4)+IF(F80="",0,F80*'💰 Prix matériaux'!$B$5)+IF(G80="",0,G80*'💰 Prix matériaux'!$B$6)+IF(H80="",0,H80*'💰 Prix matériaux'!$B$7)+IF(I80="",0,I80*'💰 Prix matériaux'!$B$8)+IF(J80="",0,J80*'💰 Prix matériaux'!$B$9)+IF(K80="",0,K80*'💰 Prix matériaux'!$B$10)+IF(L80="",0,L80*'💰 Prix matériaux'!$B$11)+IF(M80="",0,M80*'💰 Prix matériaux'!$B$12)+IF(N80="",0,N80*'💰 Prix matériaux'!$B$13)+IF(O80="",0,O80*'💰 Prix matériaux'!$B$15)+IF(P80="",0,P80*'💰 Prix matériaux'!$B$16) -> 184 | R80: =C80+Q80 -> 264
A81: Verre | B81: Dague de verre | C81: 80 | I81: 1 | M81: 1 | O81: 1 | Q81: =IF(D81="",0,D81*'💰 Prix matériaux'!$B$3)+IF(E81="",0,E81*'💰 Prix matériaux'!$B$4)+IF(F81="",0,F81*'💰 Prix matériaux'!$B$5)+IF(G81="",0,G81*'💰 Prix matériaux'!$B$6)+IF(H81="",0,H81*'💰 Prix matériaux'!$B$7)+IF(I81="",0,I81*'💰 Prix matériaux'!$B$8)+IF(J81="",0,J81*'💰 Prix matériaux'!$B$9)+IF(K81="",0,K81*'💰 Prix matériaux'!$B$10)+IF(L81="",0,L81*'💰 Prix matériaux'!$B$11)+IF(M81="",0,M81*'💰 Prix matériaux'!$B$12)+IF(N81="",0,N81*'💰 Prix matériaux'!$B$13)+IF(O81="",0,O81*'💰 Prix matériaux'!$B$15)+IF(P81="",0,P81*'💰 Prix matériaux'!$B$16) -> 105 | R81: =C81+Q81 -> 185
A82: Verre | B82: Épée de verre | C82: 80 | I82: 1 | M82: 1 | O82: 1 | Q82: =IF(D82="",0,D82*'💰 Prix matériaux'!$B$3)+IF(E82="",0,E82*'💰 Prix matériaux'!$B$4)+IF(F82="",0,F82*'💰 Prix matériaux'!$B$5)+IF(G82="",0,G82*'💰 Prix matériaux'!$B$6)+IF(H82="",0,H82*'💰 Prix matériaux'!$B$7)+IF(I82="",0,I82*'💰 Prix matériaux'!$B$8)+IF(J82="",0,J82*'💰 Prix matériaux'!$B$9)+IF(K82="",0,K82*'💰 Prix matériaux'!$B$10)+IF(L82="",0,L82*'💰 Prix matériaux'!$B$11)+IF(M82="",0,M82*'💰 Prix matériaux'!$B$12)+IF(N82="",0,N82*'💰 Prix matériaux'!$B$13)+IF(O82="",0,O82*'💰 Prix matériaux'!$B$15)+IF(P82="",0,P82*'💰 Prix matériaux'!$B$16) -> 105 | R82: =C82+Q82 -> 185
A83: Verre | B83: Hache de verre | C83: 80 | I83: 1 | M83: 2 | O83: 1 | Q83: =IF(D83="",0,D83*'💰 Prix matériaux'!$B$3)+IF(E83="",0,E83*'💰 Prix matériaux'!$B$4)+IF(F83="",0,F83*'💰 Prix matériaux'!$B$5)+IF(G83="",0,G83*'💰 Prix matériaux'!$B$6)+IF(H83="",0,H83*'💰 Prix matériaux'!$B$7)+IF(I83="",0,I83*'💰 Prix matériaux'!$B$8)+IF(J83="",0,J83*'💰 Prix matériaux'!$B$9)+IF(K83="",0,K83*'💰 Prix matériaux'!$B$10)+IF(L83="",0,L83*'💰 Prix matériaux'!$B$11)+IF(M83="",0,M83*'💰 Prix matériaux'!$B$12)+IF(N83="",0,N83*'💰 Prix matériaux'!$B$13)+IF(O83="",0,O83*'💰 Prix matériaux'!$B$15)+IF(P83="",0,P83*'💰 Prix matériaux'!$B$16) -> 106 | R83: =C83+Q83 -> 186
A84: Verre | B84: Masse de verre | C84: 80 | I84: 1 | M84: 1 | O84: 2 | Q84: =IF(D84="",0,D84*'💰 Prix matériaux'!$B$3)+IF(E84="",0,E84*'💰 Prix matériaux'!$B$4)+IF(F84="",0,F84*'💰 Prix matériaux'!$B$5)+IF(G84="",0,G84*'💰 Prix matériaux'!$B$6)+IF(H84="",0,H84*'💰 Prix matériaux'!$B$7)+IF(I84="",0,I84*'💰 Prix matériaux'!$B$8)+IF(J84="",0,J84*'💰 Prix matériaux'!$B$9)+IF(K84="",0,K84*'💰 Prix matériaux'!$B$10)+IF(L84="",0,L84*'💰 Prix matériaux'!$B$11)+IF(M84="",0,M84*'💰 Prix matériaux'!$B$12)+IF(N84="",0,N84*'💰 Prix matériaux'!$B$13)+IF(O84="",0,O84*'💰 Prix matériaux'!$B$15)+IF(P84="",0,P84*'💰 Prix matériaux'!$B$16) -> 185 | R84: =C84+Q84 -> 265
A85: Verre | B85: Espadon de verre | C85: 80 | I85: 2 | M85: 3 | O85: 2 | Q85: =IF(D85="",0,D85*'💰 Prix matériaux'!$B$3)+IF(E85="",0,E85*'💰 Prix matériaux'!$B$4)+IF(F85="",0,F85*'💰 Prix matériaux'!$B$5)+IF(G85="",0,G85*'💰 Prix matériaux'!$B$6)+IF(H85="",0,H85*'💰 Prix matériaux'!$B$7)+IF(I85="",0,I85*'💰 Prix matériaux'!$B$8)+IF(J85="",0,J85*'💰 Prix matériaux'!$B$9)+IF(K85="",0,K85*'💰 Prix matériaux'!$B$10)+IF(L85="",0,L85*'💰 Prix matériaux'!$B$11)+IF(M85="",0,M85*'💰 Prix matériaux'!$B$12)+IF(N85="",0,N85*'💰 Prix matériaux'!$B$13)+IF(O85="",0,O85*'💰 Prix matériaux'!$B$15)+IF(P85="",0,P85*'💰 Prix matériaux'!$B$16) -> 211 | R85: =C85+Q85 -> 291
A86: Verre | B86: Hache d'armes de verre | C86: 80 | I86: 2 | M86: 2 | O86: 2 | Q86: =IF(D86="",0,D86*'💰 Prix matériaux'!$B$3)+IF(E86="",0,E86*'💰 Prix matériaux'!$B$4)+IF(F86="",0,F86*'💰 Prix matériaux'!$B$5)+IF(G86="",0,G86*'💰 Prix matériaux'!$B$6)+IF(H86="",0,H86*'💰 Prix matériaux'!$B$7)+IF(I86="",0,I86*'💰 Prix matériaux'!$B$8)+IF(J86="",0,J86*'💰 Prix matériaux'!$B$9)+IF(K86="",0,K86*'💰 Prix matériaux'!$B$10)+IF(L86="",0,L86*'💰 Prix matériaux'!$B$11)+IF(M86="",0,M86*'💰 Prix matériaux'!$B$12)+IF(N86="",0,N86*'💰 Prix matériaux'!$B$13)+IF(O86="",0,O86*'💰 Prix matériaux'!$B$15)+IF(P86="",0,P86*'💰 Prix matériaux'!$B$16) -> 210 | R86: =C86+Q86 -> 290
A87: Verre | B87: Marteau de verre | C87: 80 | I87: 2 | M87: 3 | O87: 3 | Q87: =IF(D87="",0,D87*'💰 Prix matériaux'!$B$3)+IF(E87="",0,E87*'💰 Prix matériaux'!$B$4)+IF(F87="",0,F87*'💰 Prix matériaux'!$B$5)+IF(G87="",0,G87*'💰 Prix matériaux'!$B$6)+IF(H87="",0,H87*'💰 Prix matériaux'!$B$7)+IF(I87="",0,I87*'💰 Prix matériaux'!$B$8)+IF(J87="",0,J87*'💰 Prix matériaux'!$B$9)+IF(K87="",0,K87*'💰 Prix matériaux'!$B$10)+IF(L87="",0,L87*'💰 Prix matériaux'!$B$11)+IF(M87="",0,M87*'💰 Prix matériaux'!$B$12)+IF(N87="",0,N87*'💰 Prix matériaux'!$B$13)+IF(O87="",0,O87*'💰 Prix matériaux'!$B$15)+IF(P87="",0,P87*'💰 Prix matériaux'!$B$16) -> 291 | R87: =C87+Q87 -> 371
A88: Verre | B88: Flèche de verre | C88: 80 | K88: 1 | O88: 1 | Q88: =IF(D88="",0,D88*'💰 Prix matériaux'!$B$3)+IF(E88="",0,E88*'💰 Prix matériaux'!$B$4)+IF(F88="",0,F88*'💰 Prix matériaux'!$B$5)+IF(G88="",0,G88*'💰 Prix matériaux'!$B$6)+IF(H88="",0,H88*'💰 Prix matériaux'!$B$7)+IF(I88="",0,I88*'💰 Prix matériaux'!$B$8)+IF(J88="",0,J88*'💰 Prix matériaux'!$B$9)+IF(K88="",0,K88*'💰 Prix matériaux'!$B$10)+IF(L88="",0,L88*'💰 Prix matériaux'!$B$11)+IF(M88="",0,M88*'💰 Prix matériaux'!$B$12)+IF(N88="",0,N88*'💰 Prix matériaux'!$B$13)+IF(O88="",0,O88*'💰 Prix matériaux'!$B$15)+IF(P88="",0,P88*'💰 Prix matériaux'!$B$16) -> 81 | R88: =C88+Q88 -> 161

Sheet 🛡 Armures
A1: 🛡 FORGERON DE SOLITUDE — Pièces d'Armure
A2: Catégorie | B2: Pièce | C2: Type | D2: M.O. | E2: Fer | F2: Acier | G2: Orichalque | H2: Vif-argent | I2: Métal dwemer | J2: Pierre de lune | K2: Corindon | L2: Petit bois | M2: Cuir | N2: Bande cuir | O2: Or | P2: Malachite | Q2: Ébonite | R2: Coût mat. | S2: ⚡ TOTAL
A3: COMMON LÉGER
A4: Common Léger | B4: Armure — torse (5 var.) | C4: Légère | D4: 15 | M4: 4 | N4: 3 | R4: =IF(E4="",0,E4*'💰 Prix matériaux'!$B$3)+IF(F4="",0,F4*'💰 Prix matériaux'!$B$4)+IF(G4="",0,G4*'💰 Prix matériaux'!$B$5)+IF(H4="",0,H4*'💰 Prix matériaux'!$B$6)+IF(I4="",0,I4*'💰 Prix matériaux'!$B$7)+IF(J4="",0,J4*'💰 Prix matériaux'!$B$8)+IF(K4="",0,K4*'💰 Prix matériaux'!$B$9)+IF(L4="",0,L4*'💰 Prix matériaux'!$B$10)+IF(M4="",0,M4*'💰 Prix matériaux'!$B$11)+IF(N4="",0,N4*'💰 Prix matériaux'!$B$12)+IF(O4="",0,O4*'💰 Prix matériaux'!$B$13)+IF(P4="",0,P4*'💰 Prix matériaux'!$B$15)+IF(Q4="",0,Q4*'💰 Prix matériaux'!$B$16) -> 19 | S4: =D4+R4 -> 34
A5: Common Léger | B5: Gants (2 var.) | C5: Légère | D5: 15 | M5: 1 | N5: 2 | R5: =IF(E5="",0,E5*'💰 Prix matériaux'!$B$3)+IF(F5="",0,F5*'💰 Prix matériaux'!$B$4)+IF(G5="",0,G5*'💰 Prix matériaux'!$B$5)+IF(H5="",0,H5*'💰 Prix matériaux'!$B$6)+IF(I5="",0,I5*'💰 Prix matériaux'!$B$7)+IF(J5="",0,J5*'💰 Prix matériaux'!$B$8)+IF(K5="",0,K5*'💰 Prix matériaux'!$B$9)+IF(L5="",0,L5*'💰 Prix matériaux'!$B$10)+IF(M5="",0,M5*'💰 Prix matériaux'!$B$11)+IF(N5="",0,N5*'💰 Prix matériaux'!$B$12)+IF(O5="",0,O5*'💰 Prix matériaux'!$B$13)+IF(P5="",0,P5*'💰 Prix matériaux'!$B$15)+IF(Q5="",0,Q5*'💰 Prix matériaux'!$B$16) -> 6 | S5: =D5+R5 -> 21
A6: Common Léger | B6: Bottes (var.) | C6: Légère | D6: 15 | M6: 2 | N6: 2 | R6: =IF(E6="",0,E6*'💰 Prix matériaux'!$B$3)+IF(F6="",0,F6*'💰 Prix matériaux'!$B$4)+IF(G6="",0,G6*'💰 Prix matériaux'!$B$5)+IF(H6="",0,H6*'💰 Prix matériaux'!$B$6)+IF(I6="",0,I6*'💰 Prix matériaux'!$B$7)+IF(J6="",0,J6*'💰 Prix matériaux'!$B$8)+IF(K6="",0,K6*'💰 Prix matériaux'!$B$9)+IF(L6="",0,L6*'💰 Prix matériaux'!$B$10)+IF(M6="",0,M6*'💰 Prix matériaux'!$B$11)+IF(N6="",0,N6*'💰 Prix matériaux'!$B$12)+IF(O6="",0,O6*'💰 Prix matériaux'!$B$13)+IF(P6="",0,P6*'💰 Prix matériaux'!$B$15)+IF(Q6="",0,Q6*'💰 Prix matériaux'!$B$16) -> 10 | S6: =D6+R6 -> 25
A7: COMMON LOURD
A8: Common Lourd | B8: Armure de mailles (2 var.) | C8: Lourde | D8: 15 | E8: 5 | N8: 3 | R8: =IF(E8="",0,E8*'💰 Prix matériaux'!$B$3)+IF(F8="",0,F8*'💰 Prix matériaux'!$B$4)+IF(G8="",0,G8*'💰 Prix matériaux'!$B$5)+IF(H8="",0,H8*'💰 Prix matériaux'!$B$6)+IF(I8="",0,I8*'💰 Prix matériaux'!$B$7)+IF(J8="",0,J8*'💰 Prix matériaux'!$B$8)+IF(K8="",0,K8*'💰 Prix matériaux'!$B$9)+IF(L8="",0,L8*'💰 Prix matériaux'!$B$10)+IF(M8="",0,M8*'💰 Prix matériaux'!$B$11)+IF(N8="",0,N8*'💰 Prix matériaux'!$B$12)+IF(O8="",0,O8*'💰 Prix matériaux'!$B$13)+IF(P8="",0,P8*'💰 Prix matériaux'!$B$15)+IF(Q8="",0,Q8*'💰 Prix matériaux'!$B$16) -> 23 | S8: =D8+R8 -> 38
A9: FOURRURE
A10: Fourrure | B10: Armure | C10: Légère | D10: 5 | M10: 5 | N10: 3 | R10: =IF(E10="",0,E10*'💰 Prix matériaux'!$B$3)+IF(F10="",0,F10*'💰 Prix matériaux'!$B$4)+IF(G10="",0,G10*'💰 Prix matériaux'!$B$5)+IF(H10="",0,H10*'💰 Prix matériaux'!$B$6)+IF(I10="",0,I10*'💰 Prix matériaux'!$B$7)+IF(J10="",0,J10*'💰 Prix matériaux'!$B$8)+IF(K10="",0,K10*'💰 Prix matériaux'!$B$9)+IF(L10="",0,L10*'💰 Prix matériaux'!$B$10)+IF(M10="",0,M10*'💰 Prix matériaux'!$B$11)+IF(N10="",0,N10*'💰 Prix matériaux'!$B$12)+IF(O10="",0,O10*'💰 Prix matériaux'!$B$13)+IF(P10="",0,P10*'💰 Prix matériaux'!$B$15)+IF(Q10="",0,Q10*'💰 Prix matériaux'!$B$16) -> 23 | S10: =D10+R10 -> 28
A11: Fourrure | B11: Bottes | C11: Légère | D11: 5 | M11: 2 | N11: 2 | R11: =IF(E11="",0,E11*'💰 Prix matériaux'!$B$3)+IF(F11="",0,F11*'💰 Prix matériaux'!$B$4)+IF(G11="",0,G11*'💰 Prix matériaux'!$B$5)+IF(H11="",0,H11*'💰 Prix matériaux'!$B$6)+IF(I11="",0,I11*'💰 Prix matériaux'!$B$7)+IF(J11="",0,J11*'💰 Prix matériaux'!$B$8)+IF(K11="",0,K11*'💰 Prix matériaux'!$B$9)+IF(L11="",0,L11*'💰 Prix matériaux'!$B$10)+IF(M11="",0,M11*'💰 Prix matériaux'!$B$11)+IF(N11="",0,N11*'💰 Prix matériaux'!$B$12)+IF(O11="",0,O11*'💰 Prix matériaux'!$B$13)+IF(P11="",0,P11*'💰 Prix matériaux'!$B$15)+IF(Q11="",0,Q11*'💰 Prix matériaux'!$B$16) -> 10 | S11: =D11+R11 -> 15
A12: Fourrure | B12: Casque | C12: Légère | D12: 5 | M12: 2 | N12: 1 | R12: =IF(E12="",0,E12*'💰 Prix matériaux'!$B$3)+IF(F12="",0,F12*'💰 Prix matériaux'!$B$4)+IF(G12="",0,G12*'💰 Prix matériaux'!$B$5)+IF(H12="",0,H12*'💰 Prix matériaux'!$B$6)+IF(I12="",0,I12*'💰 Prix matériaux'!$B$7)+IF(J12="",0,J12*'💰 Prix matériaux'!$B$8)+IF(K12="",0,K12*'💰 Prix matériaux'!$B$9)+IF(L12="",0,L12*'💰 Prix matériaux'!$B$10)+IF(M12="",0,M12*'💰 Prix matériaux'!$B$11)+IF(N12="",0,N12*'💰 Prix matériaux'!$B$12)+IF(O12="",0,O12*'💰 Prix matériaux'!$B$13)+IF(P12="",0,P12*'💰 Prix matériaux'!$B$15)+IF(Q12="",0,Q12*'💰 Prix matériaux'!$B$16) -> 9 | S12: =D12+R12 -> 14
A13: Fourrure | B13: Gantelets | C13: Légère | D13: 5 | M13: 1 | N13: 2 | R13: =IF(E13="",0,E13*'💰 Prix matériaux'!$B$3)+IF(F13="",0,F13*'💰 Prix matériaux'!$B$4)+IF(G13="",0,G13*'💰 Prix matériaux'!$B$5)+IF(H13="",0,H13*'💰 Prix matériaux'!$B$6)+IF(I13="",0,I13*'💰 Prix matériaux'!$B$7)+IF(J13="",0,J13*'💰 Prix matériaux'!$B$8)+IF(K13="",0,K13*'💰 Prix matériaux'!$B$9)+IF(L13="",0,L13*'💰 Prix matériaux'!$B$10)+IF(M13="",0,M13*'💰 Prix matériaux'!$B$11)+IF(N13="",0,N13*'💰 Prix matériaux'!$B$12)+IF(O13="",0,O13*'💰 Prix matériaux'!$B$13)+IF(P13="",0,P13*'💰 Prix matériaux'!$B$15)+IF(Q13="",0,Q13*'💰 Prix matériaux'!$B$16) -> 6 | S13: =D13+R13 -> 11
A14: Fourrure | B14: Bouclier | C14: Légère | D14: 5 | M14: 4 | N14: 2 | R14: =IF(E14="",0,E14*'💰 Prix matériaux'!$B$3)+IF(F14="",0,F14*'💰 Prix matériaux'!$B$4)+IF(G14="",0,G14*'💰 Prix matériaux'!$B$5)+IF(H14="",0,H14*'💰 Prix matériaux'!$B$6)+IF(I14="",0,I14*'💰 Prix matériaux'!$B$7)+IF(J14="",0,J14*'💰 Prix matériaux'!$B$8)+IF(K14="",0,K14*'💰 Prix matériaux'!$B$9)+IF(L14="",0,L14*'💰 Prix matériaux'!$B$10)+IF(M14="",0,M14*'💰 Prix matériaux'!$B$11)+IF(N14="",0,N14*'💰 Prix matériaux'!$B$12)+IF(O14="",0,O14*'💰 Prix matériaux'!$B$13)+IF(P14="",0,P14*'💰 Prix matériaux'!$B$15)+IF(Q14="",0,Q14*'💰 Prix matériaux'!$B$16) -> 18 | S14: =D14+R14 -> 23
A15: Fourrure | B15: Collier | C15: Légère | D15: 5 | M15: 2 | N15: 1 | R15: =IF(E15="",0,E15*'💰 Prix matériaux'!$B$3)+IF(F15="",0,F15*'💰 Prix matériaux'!$B$4)+IF(G15="",0,G15*'💰 Prix matériaux'!$B$5)+IF(H15="",0,H15*'💰 Prix matériaux'!$B$6)+IF(I15="",0,I15*'💰 Prix matériaux'!$B$7)+IF(J15="",0,J15*'💰 Prix matériaux'!$B$8)+IF(K15="",0,K15*'💰 Prix matériaux'!$B$9)+IF(L15="",0,L15*'💰 Prix matériaux'!$B$10)+IF(M15="",0,M15*'💰 Prix matériaux'!$B$11)+IF(N15="",0,N15*'💰 Prix matériaux'!$B$12)+IF(O15="",0,O15*'💰 Prix matériaux'!$B$13)+IF(P15="",0,P15*'💰 Prix matériaux'!$B$15)+IF(Q15="",0,Q15*'💰 Prix matériaux'!$B$16) -> 9 | S15: =D15+R15 -> 14
A16: Fourrure | B16: Large Collier | C16: Légère | D16: 5 | M16: 2 | N16: 1 | R16: =IF(E16="",0,E16*'💰 Prix matériaux'!$B$3)+IF(F16="",0,F16*'💰 Prix matériaux'!$B$4)+IF(G16="",0,G16*'💰 Prix matériaux'!$B$5)+IF(H16="",0,H16*'💰 Prix matériaux'!$B$6)+IF(I16="",0,I16*'💰 Prix matériaux'!$B$7)+IF(J16="",0,J16*'💰 Prix matériaux'!$B$8)+IF(K16="",0,K16*'💰 Prix matériaux'!$B$9)+IF(L16="",0,L16*'💰 Prix matériaux'!$B$10)+IF(M16="",0,M16*'💰 Prix matériaux'!$B$11)+IF(N16="",0,N16*'💰 Prix matériaux'!$B$12)+IF(O16="",0,O16*'💰 Prix matériaux'!$B$13)+IF(P16="",0,P16*'💰 Prix matériaux'!$B$15)+IF(Q16="",0,Q16*'💰 Prix matériaux'!$B$16) -> 9 | S16: =D16+R16 -> 14
A17: Fourrure | B17: Shawl | C17: Légère | D17: 5 | M17: 6 | N17: 3 | R17: =IF(E17="",0,E17*'💰 Prix matériaux'!$B$3)+IF(F17="",0,F17*'💰 Prix matériaux'!$B$4)+IF(G17="",0,G17*'💰 Prix matériaux'!$B$5)+IF(H17="",0,H17*'💰 Prix matériaux'!$B$6)+IF(I17="",0,I17*'💰 Prix matériaux'!$B$7)+IF(J17="",0,J17*'💰 Prix matériaux'!$B$8)+IF(K17="",0,K17*'💰 Prix matériaux'!$B$9)+IF(L17="",0,L17*'💰 Prix matériaux'!$B$10)+IF(M17="",0,M17*'💰 Prix matériaux'!$B$11)+IF(N17="",0,N17*'💰 Prix matériaux'!$B$12)+IF(O17="",0,O17*'💰 Prix matériaux'!$B$13)+IF(P17="",0,P17*'💰 Prix matériaux'!$B$15)+IF(Q17="",0,Q17*'💰 Prix matériaux'!$B$16) -> 27 | S17: =D17+R17 -> 32
A18: Fourrure | B18: Skirt | C18: Légère | D18: 5 | M18: 5 | N18: 3 | R18: =IF(E18="",0,E18*'💰 Prix matériaux'!$B$3)+IF(F18="",0,F18*'💰 Prix matériaux'!$B$4)+IF(G18="",0,G18*'💰 Prix matériaux'!$B$5)+IF(H18="",0,H18*'💰 Prix matériaux'!$B$6)+IF(I18="",0,I18*'💰 Prix matériaux'!$B$7)+IF(J18="",0,J18*'💰 Prix matériaux'!$B$8)+IF(K18="",0,K18*'💰 Prix matériaux'!$B$9)+IF(L18="",0,L18*'💰 Prix matériaux'!$B$10)+IF(M18="",0,M18*'💰 Prix matériaux'!$B$11)+IF(N18="",0,N18*'💰 Prix matériaux'!$B$12)+IF(O18="",0,O18*'💰 Prix matériaux'!$B$13)+IF(P18="",0,P18*'💰 Prix matériaux'!$B$15)+IF(Q18="",0,Q18*'💰 Prix matériaux'!$B$16) -> 23 | S18: =D18+R18 -> 28
A19: HUNTER'S FUR
A20: Hunter's Fur | B20: Coat | C20: Légère | D20: 5 | M20: 4 | N20: 3 | R20: =IF(E20="",0,E20*'💰 Prix matériaux'!$B$3)+IF(F20="",0,F20*'💰 Prix matériaux'!$B$4)+IF(G20="",0,G20*'💰 Prix matériaux'!$B$5)+IF(H20="",0,H20*'💰 Prix matériaux'!$B$6)+IF(I20="",0,I20*'💰 Prix matériaux'!$B$7)+IF(J20="",0,J20*'💰 Prix matériaux'!$B$8)+IF(K20="",0,K20*'💰 Prix matériaux'!$B$9)+IF(L20="",0,L20*'💰 Prix matériaux'!$B$10)+IF(M20="",0,M20*'💰 Prix matériaux'!$B$11)+IF(N20="",0,N20*'💰 Prix matériaux'!$B$12)+IF(O20="",0,O20*'💰 Prix matériaux'!$B$13)+IF(P20="",0,P20*'💰 Prix matériaux'!$B$15)+IF(Q20="",0,Q20*'💰 Prix matériaux'!$B$16) -> 19 | S20: =D20+R20 -> 24
A21: Hunter's Fur | B21: Bottes | C21: Légère | D21: 5 | M21: 2 | N21: 2 | R21: =IF(E21="",0,E21*'💰 Prix matériaux'!$B$3)+IF(F21="",0,F21*'💰 Prix matériaux'!$B$4)+IF(G21="",0,G21*'💰 Prix matériaux'!$B$5)+IF(H21="",0,H21*'💰 Prix matériaux'!$B$6)+IF(I21="",0,I21*'💰 Prix matériaux'!$B$7)+IF(J21="",0,J21*'💰 Prix matériaux'!$B$8)+IF(K21="",0,K21*'💰 Prix matériaux'!$B$9)+IF(L21="",0,L21*'💰 Prix matériaux'!$B$10)+IF(M21="",0,M21*'💰 Prix matériaux'!$B$11)+IF(N21="",0,N21*'💰 Prix matériaux'!$B$12)+IF(O21="",0,O21*'💰 Prix matériaux'!$B$13)+IF(P21="",0,P21*'💰 Prix matériaux'!$B$15)+IF(Q21="",0,Q21*'💰 Prix matériaux'!$B$16) -> 10 | S21: =D21+R21 -> 15
A22: Hunter's Fur | B22: Hat | C22: Légère | D22: 5 | M22: 2 | N22: 1 | R22: =IF(E22="",0,E22*'💰 Prix matériaux'!$B$3)+IF(F22="",0,F22*'💰 Prix matériaux'!$B$4)+IF(G22="",0,G22*'💰 Prix matériaux'!$B$5)+IF(H22="",0,H22*'💰 Prix matériaux'!$B$6)+IF(I22="",0,I22*'💰 Prix matériaux'!$B$7)+IF(J22="",0,J22*'💰 Prix matériaux'!$B$8)+IF(K22="",0,K22*'💰 Prix matériaux'!$B$9)+IF(L22="",0,L22*'💰 Prix matériaux'!$B$10)+IF(M22="",0,M22*'💰 Prix matériaux'!$B$11)+IF(N22="",0,N22*'💰 Prix matériaux'!$B$12)+IF(O22="",0,O22*'💰 Prix matériaux'!$B$13)+IF(P22="",0,P22*'💰 Prix matériaux'!$B$15)+IF(Q22="",0,Q22*'💰 Prix matériaux'!$B$16) -> 9 | S22: =D22+R22 -> 14
A23: Hunter's Fur | B23: Gloves | C23: Légère | D23: 5 | M23: 1 | N23: 2 | R23: =IF(E23="",0,E23*'💰 Prix matériaux'!$B$3)+IF(F23="",0,F23*'💰 Prix matériaux'!$B$4)+IF(G23="",0,G23*'💰 Prix matériaux'!$B$5)+IF(H23="",0,H23*'💰 Prix matériaux'!$B$6)+IF(I23="",0,I23*'💰 Prix matériaux'!$B$7)+IF(J23="",0,J23*'💰 Prix matériaux'!$B$8)+IF(K23="",0,K23*'💰 Prix matériaux'!$B$9)+IF(L23="",0,L23*'💰 Prix matériaux'!$B$10)+IF(M23="",0,M23*'💰 Prix matériaux'!$B$11)+IF(N23="",0,N23*'💰 Prix matériaux'!$B$12)+IF(O23="",0,O23*'💰 Prix matériaux'!$B$13)+IF(P23="",0,P23*'💰 Prix matériaux'!$B$15)+IF(Q23="",0,Q23*'💰 Prix matériaux'!$B$16) -> 6 | S23: =D23+R23 -> 11
A24: Hunter's Fur | B24: Bouclier | C24: Légère | D24: 5 | M24: 4 | N24: 2 | R24: =IF(E24="",0,E24*'💰 Prix matériaux'!$B$3)+IF(F24="",0,F24*'💰 Prix matériaux'!$B$4)+IF(G24="",0,G24*'💰 Prix matériaux'!$B$5)+IF(H24="",0,H24*'💰 Prix matériaux'!$B$6)+IF(I24="",0,I24*'💰 Prix matériaux'!$B$7)+IF(J24="",0,J24*'💰 Prix matériaux'!$B$8)+IF(K24="",0,K24*'💰 Prix matériaux'!$B$9)+IF(L24="",0,L24*'💰 Prix matériaux'!$B$10)+IF(M24="",0,M24*'💰 Prix matériaux'!$B$11)+IF(N24="",0,N24*'💰 Prix matériaux'!$B$12)+IF(O24="",0,O24*'💰 Prix matériaux'!$B$13)+IF(P24="",0,P24*'💰 Prix matériaux'!$B$15)+IF(Q24="",0,Q24*'💰 Prix matériaux'!$B$16) -> 18 | S24: =D24+R24 -> 23
A25: NORTHERN FUR
A26: Northern Fur | B26: Coat | C26: Légère | D26: 5 | M26: 4 | N26: 3 | R26: =IF(E26="",0,E26*'💰 Prix matériaux'!$B$3)+IF(F26="",0,F26*'💰 Prix matériaux'!$B$4)+IF(G26="",0,G26*'💰 Prix matériaux'!$B$5)+IF(H26="",0,H26*'💰 Prix matériaux'!$B$6)+IF(I26="",0,I26*'💰 Prix matériaux'!$B$7)+IF(J26="",0,J26*'💰 Prix matériaux'!$B$8)+IF(K26="",0,K26*'💰 Prix matériaux'!$B$9)+IF(L26="",0,L26*'💰 Prix matériaux'!$B$10)+IF(M26="",0,M26*'💰 Prix matériaux'!$B$11)+IF(N26="",0,N26*'💰 Prix matériaux'!$B$12)+IF(O26="",0,O26*'💰 Prix matériaux'!$B$13)+IF(P26="",0,P26*'💰 Prix matériaux'!$B$15)+IF(Q26="",0,Q26*'💰 Prix matériaux'!$B$16) -> 19 | S26: =D26+R26 -> 24
A27: Northern Fur | B27: Bottes | C27: Légère | D27: 5 | M27: 2 | N27: 2 | R27: =IF(E27="",0,E27*'💰 Prix matériaux'!$B$3)+IF(F27="",0,F27*'💰 Prix matériaux'!$B$4)+IF(G27="",0,G27*'💰 Prix matériaux'!$B$5)+IF(H27="",0,H27*'💰 Prix matériaux'!$B$6)+IF(I27="",0,I27*'💰 Prix matériaux'!$B$7)+IF(J27="",0,J27*'💰 Prix matériaux'!$B$8)+IF(K27="",0,K27*'💰 Prix matériaux'!$B$9)+IF(L27="",0,L27*'💰 Prix matériaux'!$B$10)+IF(M27="",0,M27*'💰 Prix matériaux'!$B$11)+IF(N27="",0,N27*'💰 Prix matériaux'!$B$12)+IF(O27="",0,O27*'💰 Prix matériaux'!$B$13)+IF(P27="",0,P27*'💰 Prix matériaux'!$B$15)+IF(Q27="",0,Q27*'💰 Prix matériaux'!$B$16) -> 10 | S27: =D27+R27 -> 15
A28: Northern Fur | B28: Hat | C28: Légère | D28: 5 | M28: 2 | N28: 1 | R28: =IF(E28="",0,E28*'💰 Prix matériaux'!$B$3)+IF(F28="",0,F28*'💰 Prix matériaux'!$B$4)+IF(G28="",0,G28*'💰 Prix matériaux'!$B$5)+IF(H28="",0,H28*'💰 Prix matériaux'!$B$6)+IF(I28="",0,I28*'💰 Prix matériaux'!$B$7)+IF(J28="",0,J28*'💰 Prix matériaux'!$B$8)+IF(K28="",0,K28*'💰 Prix matériaux'!$B$9)+IF(L28="",0,L28*'💰 Prix matériaux'!$B$10)+IF(M28="",0,M28*'💰 Prix matériaux'!$B$11)+IF(N28="",0,N28*'💰 Prix matériaux'!$B$12)+IF(O28="",0,O28*'💰 Prix matériaux'!$B$13)+IF(P28="",0,P28*'💰 Prix matériaux'!$B$15)+IF(Q28="",0,Q28*'💰 Prix matériaux'!$B$16) -> 9 | S28: =D28+R28 -> 14
A29: Northern Fur | B29: Gloves | C29: Légère | D29: 5 | M29: 1 | N29: 2 | R29: =IF(E29="",0,E29*'💰 Prix matériaux'!$B$3)+IF(F29="",0,F29*'💰 Prix matériaux'!$B$4)+IF(G29="",0,G29*'💰 Prix matériaux'!$B$5)+IF(H29="",0,H29*'💰 Prix matériaux'!$B$6)+IF(I29="",0,I29*'💰 Prix matériaux'!$B$7)+IF(J29="",0,J29*'💰 Prix matériaux'!$B$8)+IF(K29="",0,K29*'💰 Prix matériaux'!$B$9)+IF(L29="",0,L29*'💰 Prix matériaux'!$B$10)+IF(M29="",0,M29*'💰 Prix matériaux'!$B$11)+IF(N29="",0,N29*'💰 Prix matériaux'!$B$12)+IF(O29="",0,O29*'💰 Prix matériaux'!$B$13)+IF(P29="",0,P29*'💰 Prix matériaux'!$B$15)+IF(Q29="",0,Q29*'💰 Prix matériaux'!$B$16) -> 6 | S29: =D29+R29 -> 11
A30: Northern Fur | B30: Bouclier | C30: Légère | D30: 5 | M30: 4 | N30: 2 | R30: =IF(E30="",0,E30*'💰 Prix matériaux'!$B$3)+IF(F30="",0,F30*'💰 Prix matériaux'!$B$4)+IF(G30="",0,G30*'💰 Prix matériaux'!$B$5)+IF(H30="",0,H30*'💰 Prix matériaux'!$B$6)+IF(I30="",0,I30*'💰 Prix matériaux'!$B$7)+IF(J30="",0,J30*'💰 Prix matériaux'!$B$8)+IF(K30="",0,K30*'💰 Prix matériaux'!$B$9)+IF(L30="",0,L30*'💰 Prix matériaux'!$B$10)+IF(M30="",0,M30*'💰 Prix matériaux'!$B$11)+IF(N30="",0,N30*'💰 Prix matériaux'!$B$12)+IF(O30="",0,O30*'💰 Prix matériaux'!$B$13)+IF(P30="",0,P30*'💰 Prix matériaux'!$B$15)+IF(Q30="",0,Q30*'💰 Prix matériaux'!$B$16) -> 18 | S30: =D30+R30 -> 23
A31: PEAU
A32: Peau | B32: Armure | C32: Légère | D32: 5 | M32: 4 | N32: 3 | R32: =IF(E32="",0,E32*'💰 Prix matériaux'!$B$3)+IF(F32="",0,F32*'💰 Prix matériaux'!$B$4)+IF(G32="",0,G32*'💰 Prix matériaux'!$B$5)+IF(H32="",0,H32*'💰 Prix matériaux'!$B$6)+IF(I32="",0,I32*'💰 Prix matériaux'!$B$7)+IF(J32="",0,J32*'💰 Prix matériaux'!$B$8)+IF(K32="",0,K32*'💰 Prix matériaux'!$B$9)+IF(L32="",0,L32*'💰 Prix matériaux'!$B$10)+IF(M32="",0,M32*'💰 Prix matériaux'!$B$11)+IF(N32="",0,N32*'💰 Prix matériaux'!$B$12)+IF(O32="",0,O32*'💰 Prix matériaux'!$B$13)+IF(P32="",0,P32*'💰 Prix matériaux'!$B$15)+IF(Q32="",0,Q32*'💰 Prix matériaux'!$B$16) -> 19 | S32: =D32+R32 -> 24
A33: Peau | B33: Bottes | C33: Légère | D33: 5 | M33: 2 | N33: 2 | R33: =IF(E33="",0,E33*'💰 Prix matériaux'!$B$3)+IF(F33="",0,F33*'💰 Prix matériaux'!$B$4)+IF(G33="",0,G33*'💰 Prix matériaux'!$B$5)+IF(H33="",0,H33*'💰 Prix matériaux'!$B$6)+IF(I33="",0,I33*'💰 Prix matériaux'!$B$7)+IF(J33="",0,J33*'💰 Prix matériaux'!$B$8)+IF(K33="",0,K33*'💰 Prix matériaux'!$B$9)+IF(L33="",0,L33*'💰 Prix matériaux'!$B$10)+IF(M33="",0,M33*'💰 Prix matériaux'!$B$11)+IF(N33="",0,N33*'💰 Prix matériaux'!$B$12)+IF(O33="",0,O33*'💰 Prix matériaux'!$B$13)+IF(P33="",0,P33*'💰 Prix matériaux'!$B$15)+IF(Q33="",0,Q33*'💰 Prix matériaux'!$B$16) -> 10 | S33: =D33+R33 -> 15
A34: Peau | B34: Casque | C34: Légère | D34: 5 | M34: 2 | N34: 1 | R34: =IF(E34="",0,E34*'💰 Prix matériaux'!$B$3)+IF(F34="",0,F34*'💰 Prix matériaux'!$B$4)+IF(G34="",0,G34*'💰 Prix matériaux'!$B$5)+IF(H34="",0,H34*'💰 Prix matériaux'!$B$6)+IF(I34="",0,I34*'💰 Prix matériaux'!$B$7)+IF(J34="",0,J34*'💰 Prix matériaux'!$B$8)+IF(K34="",0,K34*'💰 Prix matériaux'!$B$9)+IF(L34="",0,L34*'💰 Prix matériaux'!$B$10)+IF(M34="",0,M34*'💰 Prix matériaux'!$B$11)+IF(N34="",0,N34*'💰 Prix matériaux'!$B$12)+IF(O34="",0,O34*'💰 Prix matériaux'!$B$13)+IF(P34="",0,P34*'💰 Prix matériaux'!$B$15)+IF(Q34="",0,Q34*'💰 Prix matériaux'!$B$16) -> 9 | S34: =D34+R34 -> 14
A35: Peau | B35: Gantelets | C35: Légère | D35: 5 | M35: 1 | N35: 2 | R35: =IF(E35="",0,E35*'💰 Prix matériaux'!$B$3)+IF(F35="",0,F35*'💰 Prix matériaux'!$B$4)+IF(G35="",0,G35*'💰 Prix matériaux'!$B$5)+IF(H35="",0,H35*'💰 Prix matériaux'!$B$6)+IF(I35="",0,I35*'💰 Prix matériaux'!$B$7)+IF(J35="",0,J35*'💰 Prix matériaux'!$B$8)+IF(K35="",0,K35*'💰 Prix matériaux'!$B$9)+IF(L35="",0,L35*'💰 Prix matériaux'!$B$10)+IF(M35="",0,M35*'💰 Prix matériaux'!$B$11)+IF(N35="",0,N35*'💰 Prix matériaux'!$B$12)+IF(O35="",0,O35*'💰 Prix matériaux'!$B$13)+IF(P35="",0,P35*'💰 Prix matériaux'!$B$15)+IF(Q35="",0,Q35*'💰 Prix matériaux'!$B$16) -> 6 | S35: =D35+R35 -> 11
A36: Peau | B36: Bouclier | C36: Légère | D36: 5 | M36: 4 | N36: 2 | R36: =IF(E36="",0,E36*'💰 Prix matériaux'!$B$3)+IF(F36="",0,F36*'💰 Prix matériaux'!$B$4)+IF(G36="",0,G36*'💰 Prix matériaux'!$B$5)+IF(H36="",0,H36*'💰 Prix matériaux'!$B$6)+IF(I36="",0,I36*'💰 Prix matériaux'!$B$7)+IF(J36="",0,J36*'💰 Prix matériaux'!$B$8)+IF(K36="",0,K36*'💰 Prix matériaux'!$B$9)+IF(L36="",0,L36*'💰 Prix matériaux'!$B$10)+IF(M36="",0,M36*'💰 Prix matériaux'!$B$11)+IF(N36="",0,N36*'💰 Prix matériaux'!$B$12)+IF(O36="",0,O36*'💰 Prix matériaux'!$B$13)+IF(P36="",0,P36*'💰 Prix matériaux'!$B$15)+IF(Q36="",0,Q36*'💰 Prix matériaux'!$B$16) -> 18 | S36: =D36+R36 -> 23
A37: NORTHERN HIDE
A38: Northern Hide | B38: Bottes | C38: Légère | D38: 5 | M38: 2 | N38: 2 | R38: =IF(E38="",0,E38*'💰 Prix matériaux'!$B$3)+IF(F38="",0,F38*'💰 Prix matériaux'!$B$4)+IF(G38="",0,G38*'💰 Prix matériaux'!$B$5)+IF(H38="",0,H38*'💰 Prix matériaux'!$B$6)+IF(I38="",0,I38*'💰 Prix matériaux'!$B$7)+IF(J38="",0,J38*'💰 Prix matériaux'!$B$8)+IF(K38="",0,K38*'💰 Prix matériaux'!$B$9)+IF(L38="",0,L38*'💰 Prix matériaux'!$B$10)+IF(M38="",0,M38*'💰 Prix matériaux'!$B$11)+IF(N38="",0,N38*'💰 Prix matériaux'!$B$12)+IF(O38="",0,O38*'💰 Prix matériaux'!$B$13)+IF(P38="",0,P38*'💰 Prix matériaux'!$B$15)+IF(Q38="",0,Q38*'💰 Prix matériaux'!$B$16) -> 10 | S38: =D38+R38 -> 15
A39: Northern Hide | B39: Casque | C39: Légère | D39: 5 | M39: 2 | N39: 1 | R39: =IF(E39="",0,E39*'💰 Prix matériaux'!$B$3)+IF(F39="",0,F39*'💰 Prix matériaux'!$B$4)+IF(G39="",0,G39*'💰 Prix matériaux'!$B$5)+IF(H39="",0,H39*'💰 Prix matériaux'!$B$6)+IF(I39="",0,I39*'💰 Prix matériaux'!$B$7)+IF(J39="",0,J39*'💰 Prix matériaux'!$B$8)+IF(K39="",0,K39*'💰 Prix matériaux'!$B$9)+IF(L39="",0,L39*'💰 Prix matériaux'!$B$10)+IF(M39="",0,M39*'💰 Prix matériaux'!$B$11)+IF(N39="",0,N39*'💰 Prix matériaux'!$B$12)+IF(O39="",0,O39*'💰 Prix matériaux'!$B$13)+IF(P39="",0,P39*'💰 Prix matériaux'!$B$15)+IF(Q39="",0,Q39*'💰 Prix matériaux'!$B$16) -> 9 | S39: =D39+R39 -> 14
A40: Northern Hide | B40: Gantelets | C40: Légère | D40: 5 | M40: 1 | N40: 2 | R40: =IF(E40="",0,E40*'💰 Prix matériaux'!$B$3)+IF(F40="",0,F40*'💰 Prix matériaux'!$B$4)+IF(G40="",0,G40*'💰 Prix matériaux'!$B$5)+IF(H40="",0,H40*'💰 Prix matériaux'!$B$6)+IF(I40="",0,I40*'💰 Prix matériaux'!$B$7)+IF(J40="",0,J40*'💰 Prix matériaux'!$B$8)+IF(K40="",0,K40*'💰 Prix matériaux'!$B$9)+IF(L40="",0,L40*'💰 Prix matériaux'!$B$10)+IF(M40="",0,M40*'💰 Prix matériaux'!$B$11)+IF(N40="",0,N40*'💰 Prix matériaux'!$B$12)+IF(O40="",0,O40*'💰 Prix matériaux'!$B$13)+IF(P40="",0,P40*'💰 Prix matériaux'!$B$15)+IF(Q40="",0,Q40*'💰 Prix matériaux'!$B$16) -> 6 | S40: =D40+R40 -> 11
A41: ROGUE'S HIDE
A42: Rogue's Hide | B42: Armure | C42: Légère | D42: 5 | M42: 4 | N42: 3 | R42: =IF(E42="",0,E42*'💰 Prix matériaux'!$B$3)+IF(F42="",0,F42*'💰 Prix matériaux'!$B$4)+IF(G42="",0,G42*'💰 Prix matériaux'!$B$5)+IF(H42="",0,H42*'💰 Prix matériaux'!$B$6)+IF(I42="",0,I42*'💰 Prix matériaux'!$B$7)+IF(J42="",0,J42*'💰 Prix matériaux'!$B$8)+IF(K42="",0,K42*'💰 Prix matériaux'!$B$9)+IF(L42="",0,L42*'💰 Prix matériaux'!$B$10)+IF(M42="",0,M42*'💰 Prix matériaux'!$B$11)+IF(N42="",0,N42*'💰 Prix matériaux'!$B$12)+IF(O42="",0,O42*'💰 Prix matériaux'!$B$13)+IF(P42="",0,P42*'💰 Prix matériaux'!$B$15)+IF(Q42="",0,Q42*'💰 Prix matériaux'!$B$16) -> 19 | S42: =D42+R42 -> 24
A43: Rogue's Hide | B43: Bottes | C43: Légère | D43: 5 | M43: 2 | N43: 2 | R43: =IF(E43="",0,E43*'💰 Prix matériaux'!$B$3)+IF(F43="",0,F43*'💰 Prix matériaux'!$B$4)+IF(G43="",0,G43*'💰 Prix matériaux'!$B$5)+IF(H43="",0,H43*'💰 Prix matériaux'!$B$6)+IF(I43="",0,I43*'💰 Prix matériaux'!$B$7)+IF(J43="",0,J43*'💰 Prix matériaux'!$B$8)+IF(K43="",0,K43*'💰 Prix matériaux'!$B$9)+IF(L43="",0,L43*'💰 Prix matériaux'!$B$10)+IF(M43="",0,M43*'💰 Prix matériaux'!$B$11)+IF(N43="",0,N43*'💰 Prix matériaux'!$B$12)+IF(O43="",0,O43*'💰 Prix matériaux'!$B$13)+IF(P43="",0,P43*'💰 Prix matériaux'!$B$15)+IF(Q43="",0,Q43*'💰 Prix matériaux'!$B$16) -> 10 | S43: =D43+R43 -> 15
A44: Rogue's Hide | B44: Gants | C44: Légère | D44: 5 | M44: 1 | N44: 2 | R44: =IF(E44="",0,E44*'💰 Prix matériaux'!$B$3)+IF(F44="",0,F44*'💰 Prix matériaux'!$B$4)+IF(G44="",0,G44*'💰 Prix matériaux'!$B$5)+IF(H44="",0,H44*'💰 Prix matériaux'!$B$6)+IF(I44="",0,I44*'💰 Prix matériaux'!$B$7)+IF(J44="",0,J44*'💰 Prix matériaux'!$B$8)+IF(K44="",0,K44*'💰 Prix matériaux'!$B$9)+IF(L44="",0,L44*'💰 Prix matériaux'!$B$10)+IF(M44="",0,M44*'💰 Prix matériaux'!$B$11)+IF(N44="",0,N44*'💰 Prix matériaux'!$B$12)+IF(O44="",0,O44*'💰 Prix matériaux'!$B$13)+IF(P44="",0,P44*'💰 Prix matériaux'!$B$15)+IF(Q44="",0,Q44*'💰 Prix matériaux'!$B$16) -> 6 | S44: =D44+R44 -> 11
A45: Rogue's Hide | B45: Hood | C45: Légère | D45: 5 | M45: 2 | N45: 1 | R45: =IF(E45="",0,E45*'💰 Prix matériaux'!$B$3)+IF(F45="",0,F45*'💰 Prix matériaux'!$B$4)+IF(G45="",0,G45*'💰 Prix matériaux'!$B$5)+IF(H45="",0,H45*'💰 Prix matériaux'!$B$6)+IF(I45="",0,I45*'💰 Prix matériaux'!$B$7)+IF(J45="",0,J45*'💰 Prix matériaux'!$B$8)+IF(K45="",0,K45*'💰 Prix matériaux'!$B$9)+IF(L45="",0,L45*'💰 Prix matériaux'!$B$10)+IF(M45="",0,M45*'💰 Prix matériaux'!$B$11)+IF(N45="",0,N45*'💰 Prix matériaux'!$B$12)+IF(O45="",0,O45*'💰 Prix matériaux'!$B$13)+IF(P45="",0,P45*'💰 Prix matériaux'!$B$15)+IF(Q45="",0,Q45*'💰 Prix matériaux'!$B$16) -> 9 | S45: =D45+R45 -> 14
A46: Rogue's Hide | B46: Hood Lowered | C46: Légère | D46: 5 | M46: 2 | N46: 1 | R46: =IF(E46="",0,E46*'💰 Prix matériaux'!$B$3)+IF(F46="",0,F46*'💰 Prix matériaux'!$B$4)+IF(G46="",0,G46*'💰 Prix matériaux'!$B$5)+IF(H46="",0,H46*'💰 Prix matériaux'!$B$6)+IF(I46="",0,I46*'💰 Prix matériaux'!$B$7)+IF(J46="",0,J46*'💰 Prix matériaux'!$B$8)+IF(K46="",0,K46*'💰 Prix matériaux'!$B$9)+IF(L46="",0,L46*'💰 Prix matériaux'!$B$10)+IF(M46="",0,M46*'💰 Prix matériaux'!$B$11)+IF(N46="",0,N46*'💰 Prix matériaux'!$B$12)+IF(O46="",0,O46*'💰 Prix matériaux'!$B$13)+IF(P46="",0,P46*'💰 Prix matériaux'!$B$15)+IF(Q46="",0,Q46*'💰 Prix matériaux'!$B$16) -> 9 | S46: =D46+R46 -> 14
A47: CUIR
A48: Cuir | B48: Armure | C48: Légère | D48: 5 | M48: 4 | N48: 3 | R48: =IF(E48="",0,E48*'💰 Prix matériaux'!$B$3)+IF(F48="",0,F48*'💰 Prix matériaux'!$B$4)+IF(G48="",0,G48*'💰 Prix matériaux'!$B$5)+IF(H48="",0,H48*'💰 Prix matériaux'!$B$6)+IF(I48="",0,I48*'💰 Prix matériaux'!$B$7)+IF(J48="",0,J48*'💰 Prix matériaux'!$B$8)+IF(K48="",0,K48*'💰 Prix matériaux'!$B$9)+IF(L48="",0,L48*'💰 Prix matériaux'!$B$10)+IF(M48="",0,M48*'💰 Prix matériaux'!$B$11)+IF(N48="",0,N48*'💰 Prix matériaux'!$B$12)+IF(O48="",0,O48*'💰 Prix matériaux'!$B$13)+IF(P48="",0,P48*'💰 Prix matériaux'!$B$15)+IF(Q48="",0,Q48*'💰 Prix matériaux'!$B$16) -> 19 | S48: =D48+R48 -> 24
A49: Cuir | B49: Bottes | C49: Légère | D49: 5 | M49: 2 | N49: 2 | R49: =IF(E49="",0,E49*'💰 Prix matériaux'!$B$3)+IF(F49="",0,F49*'💰 Prix matériaux'!$B$4)+IF(G49="",0,G49*'💰 Prix matériaux'!$B$5)+IF(H49="",0,H49*'💰 Prix matériaux'!$B$6)+IF(I49="",0,I49*'💰 Prix matériaux'!$B$7)+IF(J49="",0,J49*'💰 Prix matériaux'!$B$8)+IF(K49="",0,K49*'💰 Prix matériaux'!$B$9)+IF(L49="",0,L49*'💰 Prix matériaux'!$B$10)+IF(M49="",0,M49*'💰 Prix matériaux'!$B$11)+IF(N49="",0,N49*'💰 Prix matériaux'!$B$12)+IF(O49="",0,O49*'💰 Prix matériaux'!$B$13)+IF(P49="",0,P49*'💰 Prix matériaux'!$B$15)+IF(Q49="",0,Q49*'💰 Prix matériaux'!$B$16) -> 10 | S49: =D49+R49 -> 15
A50: Cuir | B50: Casque | C50: Légère | D50: 5 | M50: 2 | N50: 1 | R50: =IF(E50="",0,E50*'💰 Prix matériaux'!$B$3)+IF(F50="",0,F50*'💰 Prix matériaux'!$B$4)+IF(G50="",0,G50*'💰 Prix matériaux'!$B$5)+IF(H50="",0,H50*'💰 Prix matériaux'!$B$6)+IF(I50="",0,I50*'💰 Prix matériaux'!$B$7)+IF(J50="",0,J50*'💰 Prix matériaux'!$B$8)+IF(K50="",0,K50*'💰 Prix matériaux'!$B$9)+IF(L50="",0,L50*'💰 Prix matériaux'!$B$10)+IF(M50="",0,M50*'💰 Prix matériaux'!$B$11)+IF(N50="",0,N50*'💰 Prix matériaux'!$B$12)+IF(O50="",0,O50*'💰 Prix matériaux'!$B$13)+IF(P50="",0,P50*'💰 Prix matériaux'!$B$15)+IF(Q50="",0,Q50*'💰 Prix matériaux'!$B$16) -> 9 | S50: =D50+R50 -> 14
A51: Cuir | B51: Gantelets | C51: Légère | D51: 5 | M51: 1 | N51: 2 | R51: =IF(E51="",0,E51*'💰 Prix matériaux'!$B$3)+IF(F51="",0,F51*'💰 Prix matériaux'!$B$4)+IF(G51="",0,G51*'💰 Prix matériaux'!$B$5)+IF(H51="",0,H51*'💰 Prix matériaux'!$B$6)+IF(I51="",0,I51*'💰 Prix matériaux'!$B$7)+IF(J51="",0,J51*'💰 Prix matériaux'!$B$8)+IF(K51="",0,K51*'💰 Prix matériaux'!$B$9)+IF(L51="",0,L51*'💰 Prix matériaux'!$B$10)+IF(M51="",0,M51*'💰 Prix matériaux'!$B$11)+IF(N51="",0,N51*'💰 Prix matériaux'!$B$12)+IF(O51="",0,O51*'💰 Prix matériaux'!$B$13)+IF(P51="",0,P51*'💰 Prix matériaux'!$B$15)+IF(Q51="",0,Q51*'💰 Prix matériaux'!$B$16) -> 6 | S51: =D51+R51 -> 11
A52: NORTHERN LEATHER
A53: Northern Leather | B53: Armure | C53: Légère | D53: 5 | M53: 4 | N53: 3 | R53: =IF(E53="",0,E53*'💰 Prix matériaux'!$B$3)+IF(F53="",0,F53*'💰 Prix matériaux'!$B$4)+IF(G53="",0,G53*'💰 Prix matériaux'!$B$5)+IF(H53="",0,H53*'💰 Prix matériaux'!$B$6)+IF(I53="",0,I53*'💰 Prix matériaux'!$B$7)+IF(J53="",0,J53*'💰 Prix matériaux'!$B$8)+IF(K53="",0,K53*'💰 Prix matériaux'!$B$9)+IF(L53="",0,L53*'💰 Prix matériaux'!$B$10)+IF(M53="",0,M53*'💰 Prix matériaux'!$B$11)+IF(N53="",0,N53*'💰 Prix matériaux'!$B$12)+IF(O53="",0,O53*'💰 Prix matériaux'!$B$13)+IF(P53="",0,P53*'💰 Prix matériaux'!$B$15)+IF(Q53="",0,Q53*'💰 Prix matériaux'!$B$16) -> 19 | S53: =D53+R53 -> 24
A54: Northern Leather | B54: Bottes | C54: Légère | D54: 5 | M54: 2 | N54: 2 | R54: =IF(E54="",0,E54*'💰 Prix matériaux'!$B$3)+IF(F54="",0,F54*'💰 Prix matériaux'!$B$4)+IF(G54="",0,G54*'💰 Prix matériaux'!$B$5)+IF(H54="",0,H54*'💰 Prix matériaux'!$B$6)+IF(I54="",0,I54*'💰 Prix matériaux'!$B$7)+IF(J54="",0,J54*'💰 Prix matériaux'!$B$8)+IF(K54="",0,K54*'💰 Prix matériaux'!$B$9)+IF(L54="",0,L54*'💰 Prix matériaux'!$B$10)+IF(M54="",0,M54*'💰 Prix matériaux'!$B$11)+IF(N54="",0,N54*'💰 Prix matériaux'!$B$12)+IF(O54="",0,O54*'💰 Prix matériaux'!$B$13)+IF(P54="",0,P54*'💰 Prix matériaux'!$B$15)+IF(Q54="",0,Q54*'💰 Prix matériaux'!$B$16) -> 10 | S54: =D54+R54 -> 15
A55: Northern Leather | B55: Casque | C55: Légère | D55: 5 | M55: 2 | N55: 1 | R55: =IF(E55="",0,E55*'💰 Prix matériaux'!$B$3)+IF(F55="",0,F55*'💰 Prix matériaux'!$B$4)+IF(G55="",0,G55*'💰 Prix matériaux'!$B$5)+IF(H55="",0,H55*'💰 Prix matériaux'!$B$6)+IF(I55="",0,I55*'💰 Prix matériaux'!$B$7)+IF(J55="",0,J55*'💰 Prix matériaux'!$B$8)+IF(K55="",0,K55*'💰 Prix matériaux'!$B$9)+IF(L55="",0,L55*'💰 Prix matériaux'!$B$10)+IF(M55="",0,M55*'💰 Prix matériaux'!$B$11)+IF(N55="",0,N55*'💰 Prix matériaux'!$B$12)+IF(O55="",0,O55*'💰 Prix matériaux'!$B$13)+IF(P55="",0,P55*'💰 Prix matériaux'!$B$15)+IF(Q55="",0,Q55*'💰 Prix matériaux'!$B$16) -> 9 | S55: =D55+R55 -> 14
A56: Northern Leather | B56: Gantelets | C56: Légère | D56: 5 | M56: 1 | N56: 2 | R56: =IF(E56="",0,E56*'💰 Prix matériaux'!$B$3)+IF(F56="",0,F56*'💰 Prix matériaux'!$B$4)+IF(G56="",0,G56*'💰 Prix matériaux'!$B$5)+IF(H56="",0,H56*'💰 Prix matériaux'!$B$6)+IF(I56="",0,I56*'💰 Prix matériaux'!$B$7)+IF(J56="",0,J56*'💰 Prix matériaux'!$B$8)+IF(K56="",0,K56*'💰 Prix matériaux'!$B$9)+IF(L56="",0,L56*'💰 Prix matériaux'!$B$10)+IF(M56="",0,M56*'💰 Prix matériaux'!$B$11)+IF(N56="",0,N56*'💰 Prix matériaux'!$B$12)+IF(O56="",0,O56*'💰 Prix matériaux'!$B$13)+IF(P56="",0,P56*'💰 Prix matériaux'!$B$15)+IF(Q56="",0,Q56*'💰 Prix matériaux'!$B$16) -> 6 | S56: =D56+R56 -> 11
A57: RUGGED LEATHER
A58: Rugged Leather | B58: Armure | C58: Légère | D58: 5 | M58: 4 | N58: 3 | R58: =IF(E58="",0,E58*'💰 Prix matériaux'!$B$3)+IF(F58="",0,F58*'💰 Prix matériaux'!$B$4)+IF(G58="",0,G58*'💰 Prix matériaux'!$B$5)+IF(H58="",0,H58*'💰 Prix matériaux'!$B$6)+IF(I58="",0,I58*'💰 Prix matériaux'!$B$7)+IF(J58="",0,J58*'💰 Prix matériaux'!$B$8)+IF(K58="",0,K58*'💰 Prix matériaux'!$B$9)+IF(L58="",0,L58*'💰 Prix matériaux'!$B$10)+IF(M58="",0,M58*'💰 Prix matériaux'!$B$11)+IF(N58="",0,N58*'💰 Prix matériaux'!$B$12)+IF(O58="",0,O58*'💰 Prix matériaux'!$B$13)+IF(P58="",0,P58*'💰 Prix matériaux'!$B$15)+IF(Q58="",0,Q58*'💰 Prix matériaux'!$B$16) -> 19 | S58: =D58+R58 -> 24
A59: Rugged Leather | B59: Bottes | C59: Légère | D59: 5 | M59: 2 | N59: 2 | R59: =IF(E59="",0,E59*'💰 Prix matériaux'!$B$3)+IF(F59="",0,F59*'💰 Prix matériaux'!$B$4)+IF(G59="",0,G59*'💰 Prix matériaux'!$B$5)+IF(H59="",0,H59*'💰 Prix matériaux'!$B$6)+IF(I59="",0,I59*'💰 Prix matériaux'!$B$7)+IF(J59="",0,J59*'💰 Prix matériaux'!$B$8)+IF(K59="",0,K59*'💰 Prix matériaux'!$B$9)+IF(L59="",0,L59*'💰 Prix matériaux'!$B$10)+IF(M59="",0,M59*'💰 Prix matériaux'!$B$11)+IF(N59="",0,N59*'💰 Prix matériaux'!$B$12)+IF(O59="",0,O59*'💰 Prix matériaux'!$B$13)+IF(P59="",0,P59*'💰 Prix matériaux'!$B$15)+IF(Q59="",0,Q59*'💰 Prix matériaux'!$B$16) -> 10 | S59: =D59+R59 -> 15
A60: Rugged Leather | B60: Casque | C60: Légère | D60: 5 | M60: 2 | N60: 1 | R60: =IF(E60="",0,E60*'💰 Prix matériaux'!$B$3)+IF(F60="",0,F60*'💰 Prix matériaux'!$B$4)+IF(G60="",0,G60*'💰 Prix matériaux'!$B$5)+IF(H60="",0,H60*'💰 Prix matériaux'!$B$6)+IF(I60="",0,I60*'💰 Prix matériaux'!$B$7)+IF(J60="",0,J60*'💰 Prix matériaux'!$B$8)+IF(K60="",0,K60*'💰 Prix matériaux'!$B$9)+IF(L60="",0,L60*'💰 Prix matériaux'!$B$10)+IF(M60="",0,M60*'💰 Prix matériaux'!$B$11)+IF(N60="",0,N60*'💰 Prix matériaux'!$B$12)+IF(O60="",0,O60*'💰 Prix matériaux'!$B$13)+IF(P60="",0,P60*'💰 Prix matériaux'!$B$15)+IF(Q60="",0,Q60*'💰 Prix matériaux'!$B$16) -> 9 | S60: =D60+R60 -> 14
A61: Rugged Leather | B61: Gantelets | C61: Légère | D61: 5 | M61: 1 | N61: 2 | R61: =IF(E61="",0,E61*'💰 Prix matériaux'!$B$3)+IF(F61="",0,F61*'💰 Prix matériaux'!$B$4)+IF(G61="",0,G61*'💰 Prix matériaux'!$B$5)+IF(H61="",0,H61*'💰 Prix matériaux'!$B$6)+IF(I61="",0,I61*'💰 Prix matériaux'!$B$7)+IF(J61="",0,J61*'💰 Prix matériaux'!$B$8)+IF(K61="",0,K61*'💰 Prix matériaux'!$B$9)+IF(L61="",0,L61*'💰 Prix matériaux'!$B$10)+IF(M61="",0,M61*'💰 Prix matériaux'!$B$11)+IF(N61="",0,N61*'💰 Prix matériaux'!$B$12)+IF(O61="",0,O61*'💰 Prix matériaux'!$B$13)+IF(P61="",0,P61*'💰 Prix matériaux'!$B$15)+IF(Q61="",0,Q61*'💰 Prix matériaux'!$B$16) -> 6 | S61: =D61+R61 -> 11
A62: Rugged Leather | B62: Bouclier | C62: Légère | D62: 5 | M62: 4 | N62: 2 | R62: =IF(E62="",0,E62*'💰 Prix matériaux'!$B$3)+IF(F62="",0,F62*'💰 Prix matériaux'!$B$4)+IF(G62="",0,G62*'💰 Prix matériaux'!$B$5)+IF(H62="",0,H62*'💰 Prix matériaux'!$B$6)+IF(I62="",0,I62*'💰 Prix matériaux'!$B$7)+IF(J62="",0,J62*'💰 Prix matériaux'!$B$8)+IF(K62="",0,K62*'💰 Prix matériaux'!$B$9)+IF(L62="",0,L62*'💰 Prix matériaux'!$B$10)+IF(M62="",0,M62*'💰 Prix matériaux'!$B$11)+IF(N62="",0,N62*'💰 Prix matériaux'!$B$12)+IF(O62="",0,O62*'💰 Prix matériaux'!$B$13)+IF(P62="",0,P62*'💰 Prix matériaux'!$B$15)+IF(Q62="",0,Q62*'💰 Prix matériaux'!$B$16) -> 18 | S62: =D62+R62 -> 23
A63: ARMURE CLOUTÉE
A64: Armure cloutée | B64: Armure | C64: Légère | D64: 5 | E64: 1 | M64: 4 | N64: 3 | R64: =IF(E64="",0,E64*'💰 Prix matériaux'!$B$3)+IF(F64="",0,F64*'💰 Prix matériaux'!$B$4)+IF(G64="",0,G64*'💰 Prix matériaux'!$B$5)+IF(H64="",0,H64*'💰 Prix matériaux'!$B$6)+IF(I64="",0,I64*'💰 Prix matériaux'!$B$7)+IF(J64="",0,J64*'💰 Prix matériaux'!$B$8)+IF(K64="",0,K64*'💰 Prix matériaux'!$B$9)+IF(L64="",0,L64*'💰 Prix matériaux'!$B$10)+IF(M64="",0,M64*'💰 Prix matériaux'!$B$11)+IF(N64="",0,N64*'💰 Prix matériaux'!$B$12)+IF(O64="",0,O64*'💰 Prix matériaux'!$B$13)+IF(P64="",0,P64*'💰 Prix matériaux'!$B$15)+IF(Q64="",0,Q64*'💰 Prix matériaux'!$B$16) -> 23 | S64: =D64+R64 -> 28
A65: NORTHERN STUDDED
A66: Northern Studded | B66: Armure | C66: Légère | D66: 5 | E66: 1 | M66: 4 | N66: 3 | R66: =IF(E66="",0,E66*'💰 Prix matériaux'!$B$3)+IF(F66="",0,F66*'💰 Prix matériaux'!$B$4)+IF(G66="",0,G66*'💰 Prix matériaux'!$B$5)+IF(H66="",0,H66*'💰 Prix matériaux'!$B$6)+IF(I66="",0,I66*'💰 Prix matériaux'!$B$7)+IF(J66="",0,J66*'💰 Prix matériaux'!$B$8)+IF(K66="",0,K66*'💰 Prix matériaux'!$B$9)+IF(L66="",0,L66*'💰 Prix matériaux'!$B$10)+IF(M66="",0,M66*'💰 Prix matériaux'!$B$11)+IF(N66="",0,N66*'💰 Prix matériaux'!$B$12)+IF(O66="",0,O66*'💰 Prix matériaux'!$B$13)+IF(P66="",0,P66*'💰 Prix matériaux'!$B$15)+IF(Q66="",0,Q66*'💰 Prix matériaux'!$B$16) -> 23 | S66: =D66+R66 -> 28
A67: FER
A68: Fer | B68: Armure | C68: Lourde | D68: 10 | E68: 5 | N68: 3 | R68: =IF(E68="",0,E68*'💰 Prix matériaux'!$B$3)+IF(F68="",0,F68*'💰 Prix matériaux'!$B$4)+IF(G68="",0,G68*'💰 Prix matériaux'!$B$5)+IF(H68="",0,H68*'💰 Prix matériaux'!$B$6)+IF(I68="",0,I68*'💰 Prix matériaux'!$B$7)+IF(J68="",0,J68*'💰 Prix matériaux'!$B$8)+IF(K68="",0,K68*'💰 Prix matériaux'!$B$9)+IF(L68="",0,L68*'💰 Prix matériaux'!$B$10)+IF(M68="",0,M68*'💰 Prix matériaux'!$B$11)+IF(N68="",0,N68*'💰 Prix matériaux'!$B$12)+IF(O68="",0,O68*'💰 Prix matériaux'!$B$13)+IF(P68="",0,P68*'💰 Prix matériaux'!$B$15)+IF(Q68="",0,Q68*'💰 Prix matériaux'!$B$16) -> 23 | S68: =D68+R68 -> 33
A69: Fer | B69: Bottes | C69: Lourde | D69: 10 | E69: 3 | N69: 2 | R69: =IF(E69="",0,E69*'💰 Prix matériaux'!$B$3)+IF(F69="",0,F69*'💰 Prix matériaux'!$B$4)+IF(G69="",0,G69*'💰 Prix matériaux'!$B$5)+IF(H69="",0,H69*'💰 Prix matériaux'!$B$6)+IF(I69="",0,I69*'💰 Prix matériaux'!$B$7)+IF(J69="",0,J69*'💰 Prix matériaux'!$B$8)+IF(K69="",0,K69*'💰 Prix matériaux'!$B$9)+IF(L69="",0,L69*'💰 Prix matériaux'!$B$10)+IF(M69="",0,M69*'💰 Prix matériaux'!$B$11)+IF(N69="",0,N69*'💰 Prix matériaux'!$B$12)+IF(O69="",0,O69*'💰 Prix matériaux'!$B$13)+IF(P69="",0,P69*'💰 Prix matériaux'!$B$15)+IF(Q69="",0,Q69*'💰 Prix matériaux'!$B$16) -> 14 | S69: =D69+R69 -> 24
A70: Fer | B70: Casque | C70: Lourde | D70: 10 | E70: 3 | N70: 2 | R70: =IF(E70="",0,E70*'💰 Prix matériaux'!$B$3)+IF(F70="",0,F70*'💰 Prix matériaux'!$B$4)+IF(G70="",0,G70*'💰 Prix matériaux'!$B$5)+IF(H70="",0,H70*'💰 Prix matériaux'!$B$6)+IF(I70="",0,I70*'💰 Prix matériaux'!$B$7)+IF(J70="",0,J70*'💰 Prix matériaux'!$B$8)+IF(K70="",0,K70*'💰 Prix matériaux'!$B$9)+IF(L70="",0,L70*'💰 Prix matériaux'!$B$10)+IF(M70="",0,M70*'💰 Prix matériaux'!$B$11)+IF(N70="",0,N70*'💰 Prix matériaux'!$B$12)+IF(O70="",0,O70*'💰 Prix matériaux'!$B$13)+IF(P70="",0,P70*'💰 Prix matériaux'!$B$15)+IF(Q70="",0,Q70*'💰 Prix matériaux'!$B$16) -> 14 | S70: =D70+R70 -> 24
A71: Fer | B71: Gantelets | C71: Lourde | D71: 10 | E71: 2 | N71: 2 | R71: =IF(E71="",0,E71*'💰 Prix matériaux'!$B$3)+IF(F71="",0,F71*'💰 Prix matériaux'!$B$4)+IF(G71="",0,G71*'💰 Prix matériaux'!$B$5)+IF(H71="",0,H71*'💰 Prix matériaux'!$B$6)+IF(I71="",0,I71*'💰 Prix matériaux'!$B$7)+IF(J71="",0,J71*'💰 Prix matériaux'!$B$8)+IF(K71="",0,K71*'💰 Prix matériaux'!$B$9)+IF(L71="",0,L71*'💰 Prix matériaux'!$B$10)+IF(M71="",0,M71*'💰 Prix matériaux'!$B$11)+IF(N71="",0,N71*'💰 Prix matériaux'!$B$12)+IF(O71="",0,O71*'💰 Prix matériaux'!$B$13)+IF(P71="",0,P71*'💰 Prix matériaux'!$B$15)+IF(Q71="",0,Q71*'💰 Prix matériaux'!$B$16) -> 10 | S71: =D71+R71 -> 20
A72: Fer | B72: Bouclier | C72: Lourde | D72: 10 | E72: 4 | N72: 1 | R72: =IF(E72="",0,E72*'💰 Prix matériaux'!$B$3)+IF(F72="",0,F72*'💰 Prix matériaux'!$B$4)+IF(G72="",0,G72*'💰 Prix matériaux'!$B$5)+IF(H72="",0,H72*'💰 Prix matériaux'!$B$6)+IF(I72="",0,I72*'💰 Prix matériaux'!$B$7)+IF(J72="",0,J72*'💰 Prix matériaux'!$B$8)+IF(K72="",0,K72*'💰 Prix matériaux'!$B$9)+IF(L72="",0,L72*'💰 Prix matériaux'!$B$10)+IF(M72="",0,M72*'💰 Prix matériaux'!$B$11)+IF(N72="",0,N72*'💰 Prix matériaux'!$B$12)+IF(O72="",0,O72*'💰 Prix matériaux'!$B$13)+IF(P72="",0,P72*'💰 Prix matériaux'!$B$15)+IF(Q72="",0,Q72*'💰 Prix matériaux'!$B$16) -> 17 | S72: =D72+R72 -> 27
A73: NORTHERN IRON
A74: Northern Iron | B74: Armure | C74: Lourde | D74: 10 | E74: 5 | N74: 3 | R74: =IF(E74="",0,E74*'💰 Prix matériaux'!$B$3)+IF(F74="",0,F74*'💰 Prix matériaux'!$B$4)+IF(G74="",0,G74*'💰 Prix matériaux'!$B$5)+IF(H74="",0,H74*'💰 Prix matériaux'!$B$6)+IF(I74="",0,I74*'💰 Prix matériaux'!$B$7)+IF(J74="",0,J74*'💰 Prix matériaux'!$B$8)+IF(K74="",0,K74*'💰 Prix matériaux'!$B$9)+IF(L74="",0,L74*'💰 Prix matériaux'!$B$10)+IF(M74="",0,M74*'💰 Prix matériaux'!$B$11)+IF(N74="",0,N74*'💰 Prix matériaux'!$B$12)+IF(O74="",0,O74*'💰 Prix matériaux'!$B$13)+IF(P74="",0,P74*'💰 Prix matériaux'!$B$15)+IF(Q74="",0,Q74*'💰 Prix matériaux'!$B$16) -> 23 | S74: =D74+R74 -> 33
A75: Northern Iron | B75: Bottes | C75: Lourde | D75: 10 | E75: 3 | N75: 2 | R75: =IF(E75="",0,E75*'💰 Prix matériaux'!$B$3)+IF(F75="",0,F75*'💰 Prix matériaux'!$B$4)+IF(G75="",0,G75*'💰 Prix matériaux'!$B$5)+IF(H75="",0,H75*'💰 Prix matériaux'!$B$6)+IF(I75="",0,I75*'💰 Prix matériaux'!$B$7)+IF(J75="",0,J75*'💰 Prix matériaux'!$B$8)+IF(K75="",0,K75*'💰 Prix matériaux'!$B$9)+IF(L75="",0,L75*'💰 Prix matériaux'!$B$10)+IF(M75="",0,M75*'💰 Prix matériaux'!$B$11)+IF(N75="",0,N75*'💰 Prix matériaux'!$B$12)+IF(O75="",0,O75*'💰 Prix matériaux'!$B$13)+IF(P75="",0,P75*'💰 Prix matériaux'!$B$15)+IF(Q75="",0,Q75*'💰 Prix matériaux'!$B$16) -> 14 | S75: =D75+R75 -> 24
A76: Northern Iron | B76: Gantelets | C76: Lourde | D76: 10 | E76: 2 | N76: 2 | R76: =IF(E76="",0,E76*'💰 Prix matériaux'!$B$3)+IF(F76="",0,F76*'💰 Prix matériaux'!$B$4)+IF(G76="",0,G76*'💰 Prix matériaux'!$B$5)+IF(H76="",0,H76*'💰 Prix matériaux'!$B$6)+IF(I76="",0,I76*'💰 Prix matériaux'!$B$7)+IF(J76="",0,J76*'💰 Prix matériaux'!$B$8)+IF(K76="",0,K76*'💰 Prix matériaux'!$B$9)+IF(L76="",0,L76*'💰 Prix matériaux'!$B$10)+IF(M76="",0,M76*'💰 Prix matériaux'!$B$11)+IF(N76="",0,N76*'💰 Prix matériaux'!$B$12)+IF(O76="",0,O76*'💰 Prix matériaux'!$B$13)+IF(P76="",0,P76*'💰 Prix matériaux'!$B$15)+IF(Q76="",0,Q76*'💰 Prix matériaux'!$B$16) -> 10 | S76: =D76+R76 -> 20
A77: Northern Iron | B77: Bouclier | C77: Lourde | D77: 10 | E77: 4 | N77: 1 | R77: =IF(E77="",0,E77*'💰 Prix matériaux'!$B$3)+IF(F77="",0,F77*'💰 Prix matériaux'!$B$4)+IF(G77="",0,G77*'💰 Prix matériaux'!$B$5)+IF(H77="",0,H77*'💰 Prix matériaux'!$B$6)+IF(I77="",0,I77*'💰 Prix matériaux'!$B$7)+IF(J77="",0,J77*'💰 Prix matériaux'!$B$8)+IF(K77="",0,K77*'💰 Prix matériaux'!$B$9)+IF(L77="",0,L77*'💰 Prix matériaux'!$B$10)+IF(M77="",0,M77*'💰 Prix matériaux'!$B$11)+IF(N77="",0,N77*'💰 Prix matériaux'!$B$12)+IF(O77="",0,O77*'💰 Prix matériaux'!$B$13)+IF(P77="",0,P77*'💰 Prix matériaux'!$B$15)+IF(Q77="",0,Q77*'💰 Prix matériaux'!$B$16) -> 17 | S77: =D77+R77 -> 27
A78: RUGGED IRON
A79: Rugged Iron | B79: Armure | C79: Lourde | D79: 10 | E79: 5 | N79: 3 | R79: =IF(E79="",0,E79*'💰 Prix matériaux'!$B$3)+IF(F79="",0,F79*'💰 Prix matériaux'!$B$4)+IF(G79="",0,G79*'💰 Prix matériaux'!$B$5)+IF(H79="",0,H79*'💰 Prix matériaux'!$B$6)+IF(I79="",0,I79*'💰 Prix matériaux'!$B$7)+IF(J79="",0,J79*'💰 Prix matériaux'!$B$8)+IF(K79="",0,K79*'💰 Prix matériaux'!$B$9)+IF(L79="",0,L79*'💰 Prix matériaux'!$B$10)+IF(M79="",0,M79*'💰 Prix matériaux'!$B$11)+IF(N79="",0,N79*'💰 Prix matériaux'!$B$12)+IF(O79="",0,O79*'💰 Prix matériaux'!$B$13)+IF(P79="",0,P79*'💰 Prix matériaux'!$B$15)+IF(Q79="",0,Q79*'💰 Prix matériaux'!$B$16) -> 23 | S79: =D79+R79 -> 33
A80: Rugged Iron | B80: Bottes | C80: Lourde | D80: 10 | E80: 3 | N80: 2 | R80: =IF(E80="",0,E80*'💰 Prix matériaux'!$B$3)+IF(F80="",0,F80*'💰 Prix matériaux'!$B$4)+IF(G80="",0,G80*'💰 Prix matériaux'!$B$5)+IF(H80="",0,H80*'💰 Prix matériaux'!$B$6)+IF(I80="",0,I80*'💰 Prix matériaux'!$B$7)+IF(J80="",0,J80*'💰 Prix matériaux'!$B$8)+IF(K80="",0,K80*'💰 Prix matériaux'!$B$9)+IF(L80="",0,L80*'💰 Prix matériaux'!$B$10)+IF(M80="",0,M80*'💰 Prix matériaux'!$B$11)+IF(N80="",0,N80*'💰 Prix matériaux'!$B$12)+IF(O80="",0,O80*'💰 Prix matériaux'!$B$13)+IF(P80="",0,P80*'💰 Prix matériaux'!$B$15)+IF(Q80="",0,Q80*'💰 Prix matériaux'!$B$16) -> 14 | S80: =D80+R80 -> 24
A81: Rugged Iron | B81: Casque | C81: Lourde | D81: 10 | E81: 3 | N81: 2 | R81: =IF(E81="",0,E81*'💰 Prix matériaux'!$B$3)+IF(F81="",0,F81*'💰 Prix matériaux'!$B$4)+IF(G81="",0,G81*'💰 Prix matériaux'!$B$5)+IF(H81="",0,H81*'💰 Prix matériaux'!$B$6)+IF(I81="",0,I81*'💰 Prix matériaux'!$B$7)+IF(J81="",0,J81*'💰 Prix matériaux'!$B$8)+IF(K81="",0,K81*'💰 Prix matériaux'!$B$9)+IF(L81="",0,L81*'💰 Prix matériaux'!$B$10)+IF(M81="",0,M81*'💰 Prix matériaux'!$B$11)+IF(N81="",0,N81*'💰 Prix matériaux'!$B$12)+IF(O81="",0,O81*'💰 Prix matériaux'!$B$13)+IF(P81="",0,P81*'💰 Prix matériaux'!$B$15)+IF(Q81="",0,Q81*'💰 Prix matériaux'!$B$16) -> 14 | S81: =D81+R81 -> 24
A82: BANDED IRON
A83: Banded Iron | B83: Armure | C83: Lourde | D83: 10 | E83: 5 | J83: 1 | N83: 3 | R83: =IF(E83="",0,E83*'💰 Prix matériaux'!$B$3)+IF(F83="",0,F83*'💰 Prix matériaux'!$B$4)+IF(G83="",0,G83*'💰 Prix matériaux'!$B$5)+IF(H83="",0,H83*'💰 Prix matériaux'!$B$6)+IF(I83="",0,I83*'💰 Prix matériaux'!$B$7)+IF(J83="",0,J83*'💰 Prix matériaux'!$B$8)+IF(K83="",0,K83*'💰 Prix matériaux'!$B$9)+IF(L83="",0,L83*'💰 Prix matériaux'!$B$10)+IF(M83="",0,M83*'💰 Prix matériaux'!$B$11)+IF(N83="",0,N83*'💰 Prix matériaux'!$B$12)+IF(O83="",0,O83*'💰 Prix matériaux'!$B$13)+IF(P83="",0,P83*'💰 Prix matériaux'!$B$15)+IF(Q83="",0,Q83*'💰 Prix matériaux'!$B$16) -> 47 | S83: =D83+R83 -> 57
A84: Banded Iron | B84: Bouclier | C84: Lourde | D84: 10 | E84: 4 | J84: 1 | N84: 1 | R84: =IF(E84="",0,E84*'💰 Prix matériaux'!$B$3)+IF(F84="",0,F84*'💰 Prix matériaux'!$B$4)+IF(G84="",0,G84*'💰 Prix matériaux'!$B$5)+IF(H84="",0,H84*'💰 Prix matériaux'!$B$6)+IF(I84="",0,I84*'💰 Prix matériaux'!$B$7)+IF(J84="",0,J84*'💰 Prix matériaux'!$B$8)+IF(K84="",0,K84*'💰 Prix matériaux'!$B$9)+IF(L84="",0,L84*'💰 Prix matériaux'!$B$10)+IF(M84="",0,M84*'💰 Prix matériaux'!$B$11)+IF(N84="",0,N84*'💰 Prix matériaux'!$B$12)+IF(O84="",0,O84*'💰 Prix matériaux'!$B$13)+IF(P84="",0,P84*'💰 Prix matériaux'!$B$15)+IF(Q84="",0,Q84*'💰 Prix matériaux'!$B$16) -> 41 | S84: =D84+R84 -> 51
A85: BANDED NORTHERN IRON
A86: Banded Northern Iron | B86: Armure | C86: Lourde | D86: 10 | E86: 5 | J86: 1 | N86: 3 | R86: =IF(E86="",0,E86*'💰 Prix matériaux'!$B$3)+IF(F86="",0,F86*'💰 Prix matériaux'!$B$4)+IF(G86="",0,G86*'💰 Prix matériaux'!$B$5)+IF(H86="",0,H86*'💰 Prix matériaux'!$B$6)+IF(I86="",0,I86*'💰 Prix matériaux'!$B$7)+IF(J86="",0,J86*'💰 Prix matériaux'!$B$8)+IF(K86="",0,K86*'💰 Prix matériaux'!$B$9)+IF(L86="",0,L86*'💰 Prix matériaux'!$B$10)+IF(M86="",0,M86*'💰 Prix matériaux'!$B$11)+IF(N86="",0,N86*'💰 Prix matériaux'!$B$12)+IF(O86="",0,O86*'💰 Prix matériaux'!$B$13)+IF(P86="",0,P86*'💰 Prix matériaux'!$B$15)+IF(Q86="",0,Q86*'💰 Prix matériaux'!$B$16) -> 47 | S86: =D86+R86 -> 57
A87: Banded Northern Iron | B87: Bouclier | C87: Lourde | D87: 10 | E87: 4 | J87: 1 | N87: 1 | R87: =IF(E87="",0,E87*'💰 Prix matériaux'!$B$3)+IF(F87="",0,F87*'💰 Prix matériaux'!$B$4)+IF(G87="",0,G87*'💰 Prix matériaux'!$B$5)+IF(H87="",0,H87*'💰 Prix matériaux'!$B$6)+IF(I87="",0,I87*'💰 Prix matériaux'!$B$7)+IF(J87="",0,J87*'💰 Prix matériaux'!$B$8)+IF(K87="",0,K87*'💰 Prix matériaux'!$B$9)+IF(L87="",0,L87*'💰 Prix matériaux'!$B$10)+IF(M87="",0,M87*'💰 Prix matériaux'!$B$11)+IF(N87="",0,N87*'💰 Prix matériaux'!$B$12)+IF(O87="",0,O87*'💰 Prix matériaux'!$B$13)+IF(P87="",0,P87*'💰 Prix matériaux'!$B$15)+IF(Q87="",0,Q87*'💰 Prix matériaux'!$B$16) -> 41 | S87: =D87+R87 -> 51
A88: BANDED RUGGED IRON
A89: Banded Rugged Iron | B89: Armure | C89: Lourde | D89: 10 | E89: 5 | J89: 1 | N89: 3 | R89: =IF(E89="",0,E89*'💰 Prix matériaux'!$B$3)+IF(F89="",0,F89*'💰 Prix matériaux'!$B$4)+IF(G89="",0,G89*'💰 Prix matériaux'!$B$5)+IF(H89="",0,H89*'💰 Prix matériaux'!$B$6)+IF(I89="",0,I89*'💰 Prix matériaux'!$B$7)+IF(J89="",0,J89*'💰 Prix matériaux'!$B$8)+IF(K89="",0,K89*'💰 Prix matériaux'!$B$9)+IF(L89="",0,L89*'💰 Prix matériaux'!$B$10)+IF(M89="",0,M89*'💰 Prix matériaux'!$B$11)+IF(N89="",0,N89*'💰 Prix matériaux'!$B$12)+IF(O89="",0,O89*'💰 Prix matériaux'!$B$13)+IF(P89="",0,P89*'💰 Prix matériaux'!$B$15)+IF(Q89="",0,Q89*'💰 Prix matériaux'!$B$16) -> 47 | S89: =D89+R89 -> 57
A90: Banded Rugged Iron | B90: Bouclier | C90: Lourde | D90: 10 | E90: 4 | J90: 1 | N90: 1 | R90: =IF(E90="",0,E90*'💰 Prix matériaux'!$B$3)+IF(F90="",0,F90*'💰 Prix matériaux'!$B$4)+IF(G90="",0,G90*'💰 Prix matériaux'!$B$5)+IF(H90="",0,H90*'💰 Prix matériaux'!$B$6)+IF(I90="",0,I90*'💰 Prix matériaux'!$B$7)+IF(J90="",0,J90*'💰 Prix matériaux'!$B$8)+IF(K90="",0,K90*'💰 Prix matériaux'!$B$9)+IF(L90="",0,L90*'💰 Prix matériaux'!$B$10)+IF(M90="",0,M90*'💰 Prix matériaux'!$B$11)+IF(N90="",0,N90*'💰 Prix matériaux'!$B$12)+IF(O90="",0,O90*'💰 Prix matériaux'!$B$13)+IF(P90="",0,P90*'💰 Prix matériaux'!$B$15)+IF(Q90="",0,Q90*'💰 Prix matériaux'!$B$16) -> 41 | S90: =D90+R90 -> 51
A91: BANDED RUNIC IRON
A92: Banded Runic Iron | B92: Armure | C92: Lourde | D92: 10 | E92: 5 | J92: 1 | N92: 3 | R92: =IF(E92="",0,E92*'💰 Prix matériaux'!$B$3)+IF(F92="",0,F92*'💰 Prix matériaux'!$B$4)+IF(G92="",0,G92*'💰 Prix matériaux'!$B$5)+IF(H92="",0,H92*'💰 Prix matériaux'!$B$6)+IF(I92="",0,I92*'💰 Prix matériaux'!$B$7)+IF(J92="",0,J92*'💰 Prix matériaux'!$B$8)+IF(K92="",0,K92*'💰 Prix matériaux'!$B$9)+IF(L92="",0,L92*'💰 Prix matériaux'!$B$10)+IF(M92="",0,M92*'💰 Prix matériaux'!$B$11)+IF(N92="",0,N92*'💰 Prix matériaux'!$B$12)+IF(O92="",0,O92*'💰 Prix matériaux'!$B$13)+IF(P92="",0,P92*'💰 Prix matériaux'!$B$15)+IF(Q92="",0,Q92*'💰 Prix matériaux'!$B$16) -> 47 | S92: =D92+R92 -> 57
A93: BANDED WROUGHT IRON
A94: Banded Wrought Iron | B94: Armure | C94: Lourde | D94: 10 | E94: 5 | J94: 1 | N94: 3 | R94: =IF(E94="",0,E94*'💰 Prix matériaux'!$B$3)+IF(F94="",0,F94*'💰 Prix matériaux'!$B$4)+IF(G94="",0,G94*'💰 Prix matériaux'!$B$5)+IF(H94="",0,H94*'💰 Prix matériaux'!$B$6)+IF(I94="",0,I94*'💰 Prix matériaux'!$B$7)+IF(J94="",0,J94*'💰 Prix matériaux'!$B$8)+IF(K94="",0,K94*'💰 Prix matériaux'!$B$9)+IF(L94="",0,L94*'💰 Prix matériaux'!$B$10)+IF(M94="",0,M94*'💰 Prix matériaux'!$B$11)+IF(N94="",0,N94*'💰 Prix matériaux'!$B$12)+IF(O94="",0,O94*'💰 Prix matériaux'!$B$13)+IF(P94="",0,P94*'💰 Prix matériaux'!$B$15)+IF(Q94="",0,Q94*'💰 Prix matériaux'!$B$16) -> 47 | S94: =D94+R94 -> 57
A95: RUGGED IRON
A96: Rugged Iron | B96: Bouclier | C96: Lourde | D96: 10 | E96: 4 | N96: 2 | R96: =IF(E96="",0,E96*'💰 Prix matériaux'!$B$3)+IF(F96="",0,F96*'💰 Prix matériaux'!$B$4)+IF(G96="",0,G96*'💰 Prix matériaux'!$B$5)+IF(H96="",0,H96*'💰 Prix matériaux'!$B$6)+IF(I96="",0,I96*'💰 Prix matériaux'!$B$7)+IF(J96="",0,J96*'💰 Prix matériaux'!$B$8)+IF(K96="",0,K96*'💰 Prix matériaux'!$B$9)+IF(L96="",0,L96*'💰 Prix matériaux'!$B$10)+IF(M96="",0,M96*'💰 Prix matériaux'!$B$11)+IF(N96="",0,N96*'💰 Prix matériaux'!$B$12)+IF(O96="",0,O96*'💰 Prix matériaux'!$B$13)+IF(P96="",0,P96*'💰 Prix matériaux'!$B$15)+IF(Q96="",0,Q96*'💰 Prix matériaux'!$B$16) -> 18 | S96: =D96+R96 -> 28
A97: BANDED RUNIC IRON
A98: Banded Runic Iron | B98: Bouclier | C98: Lourde | D98: 10 | E98: 4 | N98: 1 | R98: =IF(E98="",0,E98*'💰 Prix matériaux'!$B$3)+IF(F98="",0,F98*'💰 Prix matériaux'!$B$4)+IF(G98="",0,G98*'💰 Prix matériaux'!$B$5)+IF(H98="",0,H98*'💰 Prix matériaux'!$B$6)+IF(I98="",0,I98*'💰 Prix matériaux'!$B$7)+IF(J98="",0,J98*'💰 Prix matériaux'!$B$8)+IF(K98="",0,K98*'💰 Prix matériaux'!$B$9)+IF(L98="",0,L98*'💰 Prix matériaux'!$B$10)+IF(M98="",0,M98*'💰 Prix matériaux'!$B$11)+IF(N98="",0,N98*'💰 Prix matériaux'!$B$12)+IF(O98="",0,O98*'💰 Prix matériaux'!$B$13)+IF(P98="",0,P98*'💰 Prix matériaux'!$B$15)+IF(Q98="",0,Q98*'💰 Prix matériaux'!$B$16) -> 17 | S98: =D98+R98 -> 27
A99: WROUGHT IRON
A100: Wrought Iron | B100: Armure | C100: Lourde | D100: 10 | E100: 5 | N100: 3 | R100: =IF(E100="",0,E100*'💰 Prix matériaux'!$B$3)+IF(F100="",0,F100*'💰 Prix matériaux'!$B$4)+IF(G100="",0,G100*'💰 Prix matériaux'!$B$5)+IF(H100="",0,H100*'💰 Prix matériaux'!$B$6)+IF(I100="",0,I100*'💰 Prix matériaux'!$B$7)+IF(J100="",0,J100*'💰 Prix matériaux'!$B$8)+IF(K100="",0,K100*'💰 Prix matériaux'!$B$9)+IF(L100="",0,L100*'💰 Prix matériaux'!$B$10)+IF(M100="",0,M100*'💰 Prix matériaux'!$B$11)+IF(N100="",0,N100*'💰 Prix matériaux'!$B$12)+IF(O100="",0,O100*'💰 Prix matériaux'!$B$13)+IF(P100="",0,P100*'💰 Prix matériaux'!$B$15)+IF(Q100="",0,Q100*'💰 Prix matériaux'!$B$16) -> 23 | S100: =D100+R100 -> 33
...

Sheet 💰 Prix matériaux
A2: Matériau | B2: Prix (sep.) | C2: Catégorie
A3: Lingot de fer | B3: 4 | C3: Métaux
A4: Lingot d'acier | B4: 7 | C4: Métaux
A5: Lingot d'orichalque | B5: 20 | C5: Métaux
A6: Lingot de vif-argent | B6: 26 | C6: Métaux
A7: Lingot de métal dwemer | B7: 50 | C7: Métaux
A8: Pierre de lune raffinée | B8: 24 | C8: Minerais raffinées
A9: Corindon raffiné | B9: 6 | C9: Minerais raffinées
A10: Petit bois | B10: 1 | C10: Matières naturelles
A11: Cuir | B11: 4 | C11: Matières naturelles
A12: Bande de cuir | B12: 1 | C12: Matières naturelles
A13: Lingot d'or | B13: 0 | C13: Métaux
A14: Lingot d'argent | B14: 0 | C14: Métaux
... A20: Coke coal | B20: 3 | C20: Combustibles
